Probe_ID,beta_diff,adj.P.Val,t,gene,feat.cgi,chr,coord,is_candidate
cg02983090,-0.582039775,4.72E-105,-25.72883937,IL21R,TSS1500-opensea,16,27437892,TRUE
cg00033551,0.555866005,2.86E-69,19.73191549,MGRN1,3'UTR-opensea,16,4738568,FALSE
cg02072495,-0.546196905,1.27E-79,-21.51597592,ANXA2,5'UTR-shore,15,60689285,TRUE
cg00738178,-0.536091401,3.05E-132,-30.10573512,SCP2,1stExon-opensea,1,53480710,FALSE
cg08786003,-0.533756383,5.28E-78,-21.23932558,FCRL3,TSS200-opensea,1,157670710,TRUE
cg17569842,0.533598793,1.25E-98,24.68091382,RGS12,Body-shelf,4,3371566,TRUE
cg08948808,-0.530961321,2.53E-89,-23.14329019,SPRR4,TSS1500-opensea,1,152942003,FALSE
cg26151206,-0.52775738,2.32E-87,-22.81662546,OR10K2,1stExon-opensea,1,158390649,FALSE
cg13480937,-0.526280674,5.39E-86,-22.58747831,ASTN1,Body-opensea,1,177112230,FALSE
cg25622366,0.520635535,4.76E-86,22.5967401,OTX1,Body-island,2,63281139,TRUE
cg10222925,-0.519087375,1.27E-86,-22.6943326,DCAF4L2,1stExon-shore,8,88885186,FALSE
cg06041067,-0.515267096,6.38E-58,-17.70852501,PTPRN2,Body-opensea,7,157860363,TRUE
cg09149672,-0.513429868,1.53E-69,-19.7798607,CD1C,Body-opensea,1,158261151,TRUE
cg00817367,0.511099495,4.31E-69,19.70138133,GRASP,Body-island,12,52401214,TRUE
cg22719037,-0.51023307,3.03E-55,-17.2149842,SH2B3,TSS1500-shore,12,111842896,TRUE
cg14602220,-0.509778425,2.09E-75,-20.79550578,HRNBP3,5'UTR-opensea,17,77174120,FALSE
cg25082710,-0.509489765,1.79E-88,-23.0011651,IVL,TSS1500-opensea,1,152880108,TRUE
cg05626536,-0.50847941,6.32E-110,-26.52799184,MAPK15,Body-island,8,144801088,TRUE
cg06937491,-0.508420441,6.05E-76,-20.88906326,LRTM2,Body-opensea,12,1943722,FALSE
cg17775989,-0.506511663,3.90E-65,-19.00608793,NTF3,Body-opensea,12,5566384,TRUE
cg19429281,0.506392999,2.55E-50,16.28946281,ZNF702P,Body-island,19,53496738,FALSE
cg16657538,0.503425903,1.04E-82,22.03821434,ZNF397OS,5'UTR-island,18,32847566,FALSE
cg03872376,-0.503098826,1.40E-88,-23.01885936,ZP4,1stExon-opensea,1,238053828,FALSE
cg04294971,0.502979699,3.42E-88,22.9542706,RFNG,Body-shore,17,80006775,FALSE
cg02425416,-0.502128559,1.40E-94,-24.01271809,IGF2AS,Body-shore,11,2163808,FALSE
cg22511877,-0.501885797,1.82E-54,-17.07061717,MYT1L,Body-shore,2,1942942,TRUE
cg26577252,-0.501085499,5.34E-84,-22.25530375,IGF1R,Body-opensea,15,99212332,TRUE
cg14486338,0.499378029,5.35E-92,23.58518629,KCNS2,Body-island,8,99440279,FALSE
cg17514199,-0.49891965,8.43E-107,-26.01134295,LOC100130331,Body-opensea,1,238051451,FALSE
cg17025555,-0.495645423,8.22E-80,-21.54733462,OR6K6,TSS1500-opensea,1,158724362,FALSE
cg07804289,-0.492215683,4.86E-103,-25.40161115,SPRR2C,TSS1500-opensea,1,153114690,FALSE
cg07909128,-0.492154905,3.09E-70,-19.90119582,SPRR1A,5'UTR-opensea,1,152957379,FALSE
cg01011918,-0.491825135,6.78E-89,-23.07118404,SPRR2D,1stExon-opensea,1,153013573,FALSE
cg04604142,-0.491189343,4.17E-104,-25.57413874,LUC7L3,TSS1500-shore,17,48796515,TRUE
cg23864180,-0.489494904,9.42E-67,-19.29116573,ADARB2,Body-shelf,10,1256353,TRUE
cg24311564,-0.487980602,8.62E-68,-19.47355409,DPP6,Body-island,7,154542313,FALSE
cg02909329,-0.486993627,4.63E-46,-15.46637691,SDK1,Body-opensea,7,4049599,FALSE
cg26361533,-0.485103264,5.55E-95,-24.0799865,CACNA1C,Body-opensea,12,2445561,TRUE
cg06353345,-0.484601366,3.45E-88,-22.95340636,OR51B4,1stExon-opensea,11,5322976,FALSE
cg12769118,-0.484225032,3.79E-110,-26.56436104,C1orf150,TSS200-opensea,1,247712377,FALSE
cg08957001,-0.484194208,7.57E-47,-15.62025091,TSNARE1,Body-shore,8,143333654,FALSE
cg08918985,-0.482758411,1.51E-81,-21.84204316,TCHHL1,1stExon-opensea,1,152061533,TRUE
cg18781372,-0.481846882,8.43E-68,-19.4752536,SCN11A,Body-opensea,3,38937304,FALSE
cg01525428,-0.481533454,1.34E-51,-16.53265103,XKR4,Body-opensea,8,56436771,FALSE
cg07164722,-0.481476126,3.85E-83,-22.11181295,NLRP3,Body-opensea,1,247587378,TRUE
cg09981407,-0.479429262,4.47E-78,-21.25195216,RAP1GAP2,TSS1500-opensea,17,2699505,FALSE
cg04244985,-0.478326488,1.20E-89,-23.19762858,KIR3DX1,TSS200-opensea,19,55043845,FALSE
cg13531667,-0.477081339,9.60E-103,-25.35188564,MCC,TSS1500-shore,5,112825132,TRUE
cg13380622,-0.476397419,8.36E-70,-19.82526952,FCRL4,Body-opensea,1,157557578,TRUE
cg02583228,-0.475997567,3.61E-71,-20.06550872,GABRB3,Body-opensea,15,26885279,FALSE
cg25856811,-0.475973152,5.73E-107,-26.04008401,SPRR3,TSS1500-opensea,1,152973957,TRUE
cg24067911,-0.475015014,3.71E-51,-16.4486431,ATXN1,5'UTR-opensea,6,16729610,TRUE
cg20785459,-0.474962907,1.96E-78,-21.31334323,HBBP1,TSS1500-opensea,11,5265155,FALSE
cg05804220,0.474868161,3.05E-52,16.65356501,DUOX1,TSS200-island,15,45422062,TRUE
cg04822621,-0.474715774,6.13E-62,-18.43509367,LCP2,1stExon-opensea,5,169724656,FALSE
cg09652526,-0.474694856,3.90E-64,-18.82924757,ZNF831,3'UTR-opensea,20,57833352,FALSE
cg02216247,-0.474467992,2.69E-63,-18.67923422,NTSR1,Body-shore,20,61342017,TRUE
cg10534873,-0.474208925,1.47E-57,-17.641853,PELI2,Body-opensea,14,56591902,FALSE
cg17264670,0.473791963,2.99E-52,16.6552287,RGS17,TSS1500-island,6,153452732,TRUE
cg20312687,-0.473132223,2.36E-87,-22.81483799,DEFB118,Body-opensea,20,29956585,FALSE
cg04310063,-0.472867497,1.83E-52,-16.69537625,SLC35F3,Body-opensea,1,234342613,FALSE
cg12463883,-0.471570137,1.96E-66,-19.2352175,FAM155A,Body-opensea,13,108237965,FALSE
cg04812644,-0.47152602,2.96E-90,-23.29803358,LOC286094,Body-opensea,8,136302000,FALSE
cg15852352,-0.471468791,1.63E-76,-20.98564576,OR10T2,1stExon-opensea,1,158368889,FALSE
cg04574507,-0.471350176,2.60E-84,-22.30748169,CD1B,Body-opensea,1,158301038,TRUE
cg04844231,-0.470601641,1.45E-59,-18.00729357,RALYL,Body-opensea,8,85711159,TRUE
cg20140940,-0.470239522,3.16E-70,-19.89948528,RGS7,Body-opensea,1,241390013,TRUE
cg23520574,-0.468973892,5.92E-82,-21.91027537,OR51A7,TSS200-opensea,11,4928572,FALSE
cg12305074,-0.467707095,4.47E-63,-18.6398644,MAGI2,Body-opensea,7,78368756,TRUE
cg10276834,-0.467587417,2.44E-88,-22.9785925,CHRM2,5'UTR-opensea,7,136575360,FALSE
cg25537993,0.467394157,7.78E-75,20.69753055,ZSCAN1,TSS1500-island,19,58545182,FALSE
cg05948372,-0.467385113,3.11E-85,-22.46053705,ABHD3,Body-shore,18,19283268,FALSE
cg00211403,-0.467373253,1.85E-72,-20.28916026,WSCD2,5'UTR-shore,12,108525241,FALSE
cg16354520,-0.467220805,4.44E-66,-19.17258224,LCE2A,3'UTR-opensea,1,152671707,FALSE
cg15549700,-0.46654124,1.19E-59,-18.02310099,AJAP1,Body-shelf,1,4722690,TRUE
cg25792518,0.466481598,4.33E-116,27.53005244,ACSF2,Body-island,17,48545950,FALSE
cg21009747,0.466328901,2.91E-117,27.72076912,MYH9,Body-opensea,22,36681341,TRUE
cg07805542,-0.466210146,5.71E-76,-20.89358888,PIK3CD,Body-shelf,1,9779309,TRUE
cg05887869,-0.465846196,4.52E-61,-18.27919991,LOC285692,Body-opensea,5,9738648,FALSE
cg16027403,-0.465404611,6.11E-61,-18.25554045,OR14A16,1stExon-opensea,1,247978791,FALSE
cg08009265,-0.464794294,5.10E-64,-18.80850821,SPRR2B,TSS1500-opensea,1,153044457,FALSE
cg23435821,-0.463973175,8.99E-70,-19.81976279,ACACB,Body-shore,12,109592934,TRUE
cg25032595,0.4636771,8.10E-60,18.05311375,CLDN10,5'UTR-island,13,96204978,TRUE
cg12852139,-0.461768424,8.08E-38,-13.7944196,MYO10,Body-opensea,5,16794882,TRUE
cg16601494,0.46153885,1.64E-47,15.74954426,C1orf70,5'UTR-shore,1,1475737,FALSE
cg18918116,-0.461310508,1.29E-62,-18.55702339,SYT9,Body-opensea,11,7326990,FALSE
cg15231462,-0.461139417,8.42E-84,-22.221762,OR2G3,1stExon-opensea,1,247769251,FALSE
cg12493906,-0.460937356,2.81E-56,-17.40613642,MMP26,TSS200-opensea,11,5009311,TRUE
cg07103673,-0.460592119,1.79E-69,-19.76798662,NLRP14,3'UTR-opensea,11,7092719,FALSE
cg15138846,-0.459887925,6.63E-69,-19.66834919,NAT1,TSS200-opensea,8,18067560,TRUE
cg17501395,-0.459792695,1.25E-69,-19.79462254,ZC3H12D,TSS200-opensea,6,149806331,TRUE
cg23207876,-0.45931925,2.81E-59,-17.95507315,CASP14,TSS200-opensea,19,15162821,TRUE
cg21385746,-0.458274142,8.10E-40,-14.21040816,LOC150568,Body-opensea,2,105118572,FALSE
cg08393822,-0.458210261,8.34E-84,-22.22262547,UNC80,Body-opensea,2,210737704,FALSE
cg14515517,-0.457924297,1.28E-61,-18.37794487,MYO3A,5'UTR-shelf,10,26226964,FALSE
cg13316295,-0.457808534,8.48E-85,-22.38752321,C8orf85,Body-shelf,8,117954154,FALSE
cg10754505,-0.457637986,2.30E-61,-18.33202614,CDH4,Body-opensea,20,60303881,TRUE
cg21072795,-0.457289193,9.25E-151,-33.07261866,NCKAP1L,Body-opensea,12,54920931,TRUE
cg25597535,-0.456795667,6.42E-88,-22.90839796,NEUROD6,5'UTR-shelf,7,31379820,FALSE
cg24582475,-0.456026477,3.02E-55,-17.21525483,OR2B11,TSS200-shore,1,247615433,FALSE
cg08160063,-0.455989824,1.09E-57,-17.6658077,A2BP1,Body-shore,16,7704961,FALSE
cg09763347,-0.455983453,5.56E-64,-18.80192961,HPYR1,TSS1500-opensea,8,133574010,FALSE
cg22862734,-0.455851426,1.16E-40,-14.38453832,FREM2,1stExon-shore,13,39263555,FALSE
cg02245566,-0.455690055,3.57E-57,-17.57154169,OR6K2,TSS200-opensea,1,158670617,FALSE
cg04892643,-0.455588295,5.25E-72,-20.21096353,HDAC9,Body-opensea,7,18906433,TRUE
cg25612480,-0.455331412,1.04E-93,-23.86758684,UBE2V2,TSS1500-shore,8,48920460,TRUE
cg11009736,-0.455322819,8.33E-64,-18.77044663,MARCO,TSS200-opensea,2,119699682,TRUE
cg23338195,-0.454323136,1.05E-61,-18.39291253,SLC30A8,TSS1500-opensea,8,118146418,TRUE
cg19757131,-0.454230923,1.70E-47,-15.74639882,UST,Body-opensea,6,149286330,FALSE
cg03914397,-0.454087583,2.55E-71,-20.09151531,NMUR2,1stExon-opensea,5,151784441,FALSE
cg21425607,-0.453638799,4.40E-68,-19.52501758,ZFPM2,Body-opensea,8,106611264,TRUE
cg10828127,-0.453478776,4.07E-59,-17.92587302,DSCAM,Body-shelf,21,41550814,FALSE
cg24460817,-0.452690546,3.90E-64,-18.82914101,OR6F1,TSS200-opensea,1,247876088,FALSE
cg13134763,-0.452178882,1.01E-71,-20.16168774,SNTG2,Body-opensea,2,983306,FALSE
cg24318032,-0.451757635,4.10E-54,-17.00457469,KRT32,TSS1500-opensea,17,39624088,FALSE
cg15924691,-0.451013502,2.02E-62,-18.52152163,EPHB1,Body-opensea,3,134950652,TRUE
cg08242576,-0.450860925,7.11E-64,-18.78284244,LELP1,Body-opensea,1,153177188,FALSE
cg24459953,-0.450713697,1.68E-44,-15.15826629,NLRP8,Body-opensea,19,56466500,FALSE
cg01867950,-0.450642777,8.80E-60,-18.0466379,TMEM71,3'UTR-opensea,8,133722893,FALSE
cg24377694,-0.450395538,7.20E-48,-15.81880437,PDYN,TSS1500-opensea,20,1975372,FALSE
cg25344265,-0.450307593,8.59E-75,-20.69008899,EGFLAM,Body-opensea,5,38273388,FALSE
cg08918576,-0.450015479,9.31E-64,-18.76197763,OR6K3,TSS1500-opensea,1,158688775,FALSE
cg09548780,0.449965687,6.96E-71,20.01511799,TNS1,5'UTR-opensea,2,218770270,FALSE
cg23498518,-0.449364517,5.16E-63,-18.62865866,POM121L12,3'UTR-shore,7,53104336,FALSE
cg22888848,-0.449316906,8.05E-68,-19.47877009,EPHA4,Body-opensea,2,222320536,TRUE
cg24178621,-0.448822122,1.34E-60,-18.19393384,SLC6A3,Body-opensea,5,1430526,TRUE
cg24381587,-0.448496824,4.54E-80,-21.59143849,OR6N1,1stExon-opensea,1,158736312,FALSE
cg07159802,-0.448192951,1.41E-71,-20.13680443,OR1C1,1stExon-opensea,1,247921568,FALSE
cg10976626,-0.448176029,1.25E-59,-18.01897862,CD1E,TSS1500-opensea,1,158322841,FALSE
cg13978347,-0.448028487,2.92E-64,-18.8517056,ASTN2,Body-opensea,9,120140243,FALSE
cg01055386,-0.447983741,1.00E-45,-15.40049643,TMEM132C,Body-shore,12,128900228,FALSE
cg24020826,-0.447822621,5.05E-82,-21.92218113,KCNK9,3'UTR-shore,8,140630180,TRUE
cg13106306,-0.446477247,7.66E-42,-14.62458994,CARD11,Body-opensea,7,2959105,TRUE
cg01890568,-0.446404986,2.67E-65,-19.03526786,ACCN1,Body-opensea,17,31437649,FALSE
cg05472998,-0.445429086,9.97E-57,-17.48942403,RUNX1T1,Body-opensea,8,93028260,TRUE
cg15328703,-0.445383575,1.24E-75,-20.83498678,TMEM132B,3'UTR-opensea,12,126142896,FALSE
cg24107750,-0.445366047,3.13E-64,-18.84617401,PRKCQ,5'UTR-opensea,10,6569373,TRUE
cg26233084,-0.44505632,5.44E-51,-16.41684732,FBXL7,Body-opensea,5,15510258,FALSE
cg08946720,-0.444989746,3.73E-56,-17.38340385,TPO,TSS1500-opensea,2,1416855,TRUE
cg14216734,-0.444720884,1.18E-62,-18.56337408,MNDA,Body-opensea,1,158817808,FALSE
cg07960624,-0.444711233,5.18E-54,-16.9853291,SAMD12,3'UTR-opensea,8,119208486,FALSE
cg05833351,-0.444490816,4.96E-54,-16.98892817,CUGBP2,Body-opensea,10,11088146,FALSE
cg18161025,-0.44376624,7.27E-65,-18.95826966,FAM5B,5'UTR-shelf,1,177144293,FALSE
cg18029167,-0.44345418,4.14E-60,-18.10608219,GOLSYN,5'UTR-opensea,8,110693289,FALSE
cg24921221,-0.442985862,1.40E-110,-26.63489442,LONRF1,Body-opensea,8,12584192,FALSE
cg08162372,0.442176469,5.56E-49,16.03302389,BMP4,5'UTR-island,14,54422925,TRUE
cg07309576,-0.441979461,1.62E-55,-17.26552403,OR51I1,TSS1500-opensea,11,5463768,FALSE
cg26785431,-0.441881478,5.18E-54,-16.98548227,ZIM3,Body-opensea,19,57649648,FALSE
cg22515937,-0.441722255,2.49E-65,-19.04070863,FCRL1,TSS1500-opensea,1,157790499,TRUE
cg23244463,-0.441691556,2.53E-40,-14.31485775,KCNB2,Body-opensea,8,73848937,FALSE
cg01775802,-0.44162535,6.38E-81,-21.73559369,RGS6,Body-opensea,14,72945461,TRUE
cg06544652,-0.441515024,4.83E-49,-16.0448165,OR11L1,TSS1500-opensea,1,248006259,FALSE
cg16009120,-0.441420487,1.93E-65,-19.05996273,CLEC4E,3'UTR-opensea,12,8686707,FALSE
cg07556730,0.44102161,9.89E-93,23.706551,DEAF1,Body-opensea,11,679706,TRUE
cg04454807,-0.440865287,1.83E-47,-15.74057515,EIF3IP1,TSS200-opensea,7,109600425,FALSE
cg09305680,-0.440629389,2.38E-94,-23.97423676,UTP23,TSS1500-shore,8,117778069,FALSE
cg03497652,0.440513948,4.78E-137,30.8722691,ANKS3,Body-opensea,16,4751569,FALSE
cg13096208,0.440095714,6.68E-65,18.96484976,ST8SIA3,1stExon-island,18,55019843,TRUE
cg20070090,-0.440092299,2.01E-62,-18.52198968,S100A8,5'UTR-opensea,1,153363489,TRUE
cg27617086,-0.440089131,5.37E-52,-16.60735599,PRMT8,3'UTR-opensea,12,3702499,FALSE
cg16759218,-0.439889779,2.92E-58,-17.77014779,COL8A1,5'UTR-opensea,3,99371838,FALSE
cg04902327,-0.439653409,3.58E-68,-19.5405024,TRIM58,TSS1500-shore,1,248019234,TRUE
cg13791254,0.439628454,1.26E-63,18.73869254,FOXE1,1stExon-island,9,100616607,TRUE
cg16604126,-0.439471142,8.65E-58,-17.68439194,OR51E1,TSS1500-opensea,11,4664220,TRUE
cg19281794,-0.439416663,3.61E-60,-18.1169127,BTLA,TSS1500-opensea,3,112218761,TRUE
cg14091896,-0.439215475,2.92E-43,-14.91061502,COL5A1,Body-opensea,9,137667343,TRUE
cg03969260,-0.439149577,1.21E-77,-21.17880462,SPRR2G,3'UTR-opensea,1,153122203,FALSE
cg09916212,-0.439078428,8.58E-57,-17.50142763,KCNQ1,Body-opensea,11,2498390,TRUE
cg00949578,-0.439034359,2.12E-52,-16.683263,C18orf62,TSS1500-opensea,18,73140785,FALSE
cg23110407,-0.438793739,4.47E-60,-18.10006668,C7orf16,Body-opensea,7,31745454,FALSE
cg07765706,-0.438570292,7.72E-36,-13.37435179,KCNQ3,Body-island,8,133141815,FALSE
cg13910460,-0.438566435,5.80E-56,-17.3480278,CD200,Body-opensea,3,112059676,TRUE
cg07760544,-0.438425142,8.71E-62,-18.40769485,BASP1,5'UTR-opensea,5,17255115,TRUE
cg00154455,-0.438025877,8.78E-60,-18.04686634,ZNF517,TSS1500-shore,8,146023573,FALSE
cg25913882,-0.437787971,1.80E-49,-16.12675653,CUBN,Body-opensea,10,17067842,TRUE
cg17604429,-0.43769565,2.18E-61,-18.33628268,ADCY2,3'UTR-opensea,5,7827133,FALSE
cg00744739,-0.437615726,8.75E-75,-20.68868317,PRR21,TSS1500-shore,2,240983326,FALSE
cg07007544,-0.437483082,7.90E-55,-17.13786793,GLRA1,Body-shelf,5,151301225,FALSE
cg25734089,-0.437410033,3.12E-59,-17.94684427,PNMAL1,3'UTR-opensea,19,46969919,FALSE
cg05623614,-0.437295683,4.22E-66,-19.17636789,LOC642597,3'UTR-opensea,18,5145386,FALSE
cg17157798,-0.437161391,2.88E-85,-22.46625675,TMEM132D,Body-opensea,12,129595394,TRUE
cg18922994,-0.437068506,4.76E-46,-15.46398946,MGAT5B,Body-opensea,17,74908800,FALSE
cg25349643,-0.436866234,1.20E-66,-19.27256661,MIR181B1,TSS200-opensea,1,198828157,FALSE
cg26150142,-0.436854777,1.25E-54,-17.10065947,OR2L13,5'UTR-shelf,1,248102842,FALSE
cg01975957,-0.436678791,4.10E-54,-17.00455107,LCE1A,TSS1500-opensea,1,152798912,FALSE
cg08458170,-0.436613623,1.20E-42,-14.78689017,TSHZ3,Body-opensea,19,31770476,TRUE
cg24334029,-0.436536531,1.30E-46,-15.57445207,PHACTR3,TSS200-opensea,20,58296208,FALSE
cg02489094,-0.436222472,6.96E-51,-16.39650662,PLXNA4,Body-opensea,7,132172336,TRUE
cg14269191,-0.436205549,9.55E-76,-20.85430714,OR51B2,TSS1500-opensea,11,5346249,FALSE
cg19130189,-0.435701271,1.03E-65,-19.10877139,MMP16,Body-opensea,8,89241632,TRUE
cg02861178,-0.435610567,2.18E-63,-18.69552791,C20orf94,Body-opensea,20,10492319,FALSE
cg06586713,-0.435547503,6.00E-70,-19.85048583,PCLO,Body-opensea,7,82581469,FALSE
cg12134633,0.435472721,2.67E-100,24.95663019,SCG5,5'UTR-opensea,15,32934004,FALSE
cg20465661,-0.435454759,4.06E-96,-24.26756642,OR2T6,1stExon-opensea,1,248551409,FALSE
cg21790626,0.435359384,3.27E-64,18.84281639,ZNF154,5'UTR-island,19,58220494,TRUE
cg12706947,-0.435187862,1.83E-64,-18.88736217,OPCML,Body-opensea,11,132921195,TRUE
cg04774696,-0.434830735,3.62E-55,-17.20066606,ODZ3,Body-opensea,4,183549836,FALSE
cg13517866,-0.434643671,2.14E-45,-15.33538713,SMOC2,Body-shore,6,168970787,TRUE
cg25673355,-0.434275932,6.40E-63,-18.61175774,WBSCR17,Body-opensea,7,70641938,FALSE
cg08446038,-0.434068473,1.99E-62,-18.52276565,ITGA2,Body-opensea,5,52327649,TRUE
cg01530024,-0.433614647,1.03E-41,-14.59862815,STK32B,Body-opensea,4,5458553,TRUE
cg01999908,-0.433369668,6.17E-48,-15.83178765,PAX4,TSS1500-opensea,7,127256920,TRUE
cg16730737,-0.433273007,2.82E-66,-19.20721657,CLIC1,Body-opensea,6,31702632,TRUE
cg12428378,-0.433129066,1.88E-55,-17.25333566,PGLYRP3,Body-opensea,1,153280070,FALSE
cg04223420,0.433125231,3.43E-79,21.44247734,PITX1,3'UTR-island,5,134363877,TRUE
cg03607415,-0.432875936,3.83E-73,-20.40699349,GPR98,Body-opensea,5,89881642,FALSE
cg14119936,-0.432867364,2.01E-71,-20.1097214,OR51F1,1stExon-opensea,11,4791012,FALSE
cg18771659,-0.432663215,2.80E-45,-15.31234194,SPRR1B,TSS1500-opensea,1,153002762,TRUE
cg13871708,-0.432496488,1.48E-48,-15.95081713,DPCR1,3'UTR-shelf,6,30921007,FALSE
cg18403193,-0.432367378,2.42E-64,-18.86599702,C6orf176,Body-shelf,6,166349977,FALSE
cg18756179,0.432267983,1.09E-56,17.48233984,FLJ26850,Body-shore,19,50554510,FALSE
cg21463368,-0.432216653,3.29E-46,-15.49526399,RPS6KA2,Body-opensea,6,167263025,TRUE
cg14691921,-0.432211136,3.74E-59,-17.93254502,SYN2,Body-opensea,3,12055127,TRUE
cg11324259,-0.432160155,1.46E-82,-22.01404076,CYP11B2,TSS200-opensea,8,143999374,TRUE
cg00163018,-0.431794998,2.01E-88,-22.99286715,RYR2,Body-opensea,1,237413813,TRUE
cg15727252,-0.431720533,1.60E-50,-16.32816967,SYT11,Body-shore,1,155831789,FALSE
cg11950860,-0.431581846,1.16E-56,-17.47753382,KPRP,TSS1500-shelf,1,152730231,FALSE
cg18580232,-0.430874407,6.91E-51,-16.39711429,DPP10,Body-opensea,2,116155326,TRUE
cg12204395,-0.430791474,1.38E-45,-15.37289806,KCNJ2,Body-opensea,17,68171750,FALSE
cg17470497,-0.430565436,1.10E-55,-17.29610221,OR2M4,TSS1500-opensea,1,248401161,FALSE
cg22699727,-0.430434392,2.43E-67,-19.39426356,OR2C3,TSS1500-shelf,1,247698341,FALSE
cg06457736,-0.430376486,2.25E-38,-13.91075326,HRH1,TSS200-opensea,3,11178683,TRUE
cg13804738,-0.430350946,2.69E-61,-18.31962634,TCERG1L,Body-opensea,10,133000233,TRUE
cg19554569,-0.430167326,1.46E-70,-19.95846656,OR51B5,TSS200-opensea,11,5364833,FALSE
cg00715811,-0.429883026,1.57E-74,-20.64492323,OR2W5,TSS1500-opensea,1,247654140,FALSE
cg16192029,-0.429760829,5.95E-44,-15.04912259,ANKRD7,TSS200-opensea,7,117864674,FALSE
cg13274978,-0.429755227,3.59E-45,-15.29117472,PXDNL,Body-shore,8,52320849,FALSE
cg10703826,0.429711,1.58E-72,20.30093455,TBX15,1stExon-island,1,119532116,TRUE
cg02968405,-0.429374956,3.99E-49,-16.06067631,SLIT3,Body-opensea,5,168690633,TRUE
cg25462303,-0.429257816,3.05E-77,-21.10964949,GCET2,TSS200-opensea,3,111852156,FALSE
cg04358027,-0.429047504,6.64E-39,-14.02121657,NCRNA00200,Body-shore,10,1205942,FALSE
cg10500702,-0.428918743,2.20E-45,-15.3330881,FLG,TSS1500-opensea,1,152299041,TRUE
cg24575705,-0.428758777,2.56E-50,-16.28921745,PPAPDC1A,Body-shelf,10,122220743,FALSE
cg07291100,-0.428740304,1.83E-68,-19.59131489,CLSTN2,Body-opensea,3,139812907,TRUE
cg03396005,-0.428264151,2.38E-35,-13.26939917,APCDD1,Body-shelf,18,10474524,TRUE
cg14898787,-0.428130825,3.03E-51,-16.46507502,HAR1B,Body-shelf,20,61729912,TRUE
cg00243661,-0.427850032,4.27E-57,-17.55704099,OR2D2,1stExon-opensea,11,6913644,FALSE
cg24935655,-0.427841231,4.26E-47,-15.66874178,ATP13A5,TSS1500-opensea,3,193097750,FALSE
cg00883493,-0.427508195,2.14E-70,-19.9291698,LOC100133669,Body-opensea,8,144069547,FALSE
cg20471736,-0.427497285,2.13E-41,-14.53491178,SERPINB13,3'UTR-opensea,18,61264604,TRUE
cg19720780,-0.427465332,1.02E-36,-13.56112012,KIF2B,1stExon-opensea,17,51900887,FALSE
cg03002586,-0.427437309,3.30E-54,-17.02221069,PLD5,5'UTR-opensea,1,242653362,TRUE
cg10504000,0.427085417,5.43E-73,20.38105635,CD81,Body-shelf,11,2402391,TRUE
cg10975391,-0.42682483,3.25E-59,-17.94355027,NAV1,Body-opensea,1,201632478,FALSE
cg25499121,-0.426801361,9.48E-53,-16.74899654,CA10,Body-opensea,17,50007030,TRUE
cg12779445,-0.426794554,3.45E-44,-15.09640208,MIR153-2,TSS1500-shore,7,157367462,FALSE
cg09361748,-0.426570513,1.33E-106,-25.97934728,CALN1,Body-opensea,7,71682306,TRUE
cg24652956,-0.426526363,4.59E-71,-20.04736702,OR52R1,1stExon-opensea,11,4824704,FALSE
cg09169531,-0.426421012,1.66E-70,-19.94852791,SPRR2A,TSS1500-opensea,1,153030594,TRUE
cg15392618,-0.426298438,1.35E-50,-16.34217672,FMN2,Body-shelf,1,240368441,TRUE
cg16565696,-0.426286122,5.87E-72,-20.20248773,CDH22,Body-shelf,20,44834899,TRUE
cg09705784,-0.426278629,5.95E-40,-14.23817766,DNAH17,Body-opensea,17,76565232,FALSE
cg12547930,-0.425962685,3.39E-55,-17.20603287,WFDC6,TSS1500-opensea,20,44168753,FALSE
cg23609450,-0.425737755,2.44E-51,-16.48309576,WFDC10B,Body-opensea,20,44313578,FALSE
cg09871424,-0.425718547,1.12E-43,-14.99422365,PBX1,Body-opensea,1,164811491,TRUE
cg00423453,-0.425630646,3.95E-78,-21.26084476,OR51B6,1stExon-opensea,11,5372944,FALSE
cg15651928,-0.425597769,2.72E-76,-20.94795179,PXMP4,3'UTR-opensea,20,32290811,FALSE
cg16518772,-0.425534652,2.78E-53,-16.84899829,MAZ,Body-island,16,29819081,TRUE
cg02057755,-0.425514602,5.21E-58,-17.72435865,AGBL4,3'UTR-opensea,1,48998823,FALSE
cg10841138,-0.425466468,7.29E-50,-16.20214797,RIMBP2,Body-opensea,12,130959214,FALSE
cg12458714,-0.425446783,3.13E-43,-14.90445951,LOC150622,Body-opensea,2,6082098,FALSE
cg26282205,0.425442597,4.07E-82,21.93836643,CAMK2G,Body-shelf,10,75602367,FALSE
cg20542822,-0.425436289,3.44E-66,-19.19219429,COL29A1,Body-opensea,3,130098334,FALSE
cg07048608,-0.425387562,6.84E-60,-18.06633264,SPTA1,3'UTR-opensea,1,158581040,TRUE
cg10538533,-0.425272756,7.82E-44,-15.02547431,KRT1,TSS200-opensea,12,53074328,TRUE
cg25518712,-0.42480554,5.50E-44,-15.0558746,ZSCAN18,Body-shelf,19,58612400,TRUE
cg26406150,-0.424425496,6.03E-51,-16.40844404,ACTN2,Body-opensea,1,236902652,TRUE
cg05048523,-0.424347154,1.57E-56,-17.45310574,OBSCN,Body-shore,1,228502681,FALSE
cg24659758,-0.424032647,2.44E-71,-20.09503234,AIFM2,5'UTR-shore,10,71891123,FALSE
cg06121507,-0.423980106,1.09E-37,-13.76671645,S100A12,5'UTR-opensea,1,153347819,TRUE
cg09712962,-0.423819621,6.21E-68,-19.4986986,GTF2A1L,Body-opensea,2,48946375,TRUE
cg16162122,-0.423793377,2.11E-74,-20.62250539,KCNQ2,Body-shelf,20,62090270,FALSE
cg16395892,-0.42373766,4.36E-38,-13.85062338,ATP10A,Body-opensea,15,25951068,FALSE
cg03265969,-0.42371419,5.42E-56,-17.35335932,VSTM2A,Body-shelf,7,54617631,TRUE
cg24227837,-0.423689938,2.59E-46,-15.51583661,SHISA2,Body-shelf,13,26620952,FALSE
cg11294364,-0.423384084,9.63E-48,-15.79424244,NLRP4,Body-shelf,19,56367316,FALSE
cg25214789,0.423372939,5.40E-53,16.79489143,C5orf49,Body-island,5,7850070,FALSE
cg19961800,-0.423250356,3.62E-43,-14.89188352,SYT16,Body-opensea,14,62550978,TRUE
cg19689368,-0.423246811,2.09E-70,-19.93110197,FAM180A,TSS200-opensea,7,135433610,FALSE
cg05784088,-0.422840539,6.75E-69,-19.66702166,FCRL2,Body-opensea,1,157738458,FALSE
cg07612768,-0.422568084,9.39E-44,-15.00961639,XYLT1,Body-opensea,16,17539761,FALSE
cg06351425,-0.422549591,4.32E-56,-17.37161863,GPX6,Body-opensea,6,28482191,FALSE
cg00005215,-0.422479374,7.89E-53,-16.76391323,SERPINB12,TSS200-opensea,18,61223377,FALSE
cg15371617,-0.422374274,6.97E-65,-18.96154105,HAVCR2,5'UTR-opensea,5,156536137,TRUE
cg12897164,-0.422156167,6.28E-58,-17.70981506,FBXO32,5'UTR-opensea,8,124529273,TRUE
cg00374101,-0.422087222,7.61E-63,-18.59788629,CNBD1,TSS200-opensea,8,87878605,FALSE
cg10103850,-0.421880742,4.74E-53,-16.80551156,SLC8A1,TSS1500-opensea,2,40658891,TRUE
cg07599819,-0.421872033,8.55E-50,-16.18878096,ZIM2,Body-shore,19,57308239,FALSE
cg23520422,-0.421682948,3.81E-40,-14.27810877,PHLDA1,3'UTR-shore,12,76423956,TRUE
cg25282951,-0.421327501,7.58E-44,-15.02820937,KIAA1026,Body-opensea,1,15095376,FALSE
cg24166463,-0.421255437,1.74E-67,-19.42027666,OR51T1,1stExon-opensea,11,4903155,FALSE
cg04336859,-0.421225111,2.98E-81,-21.79194647,SIGLEC12,TSS200-opensea,19,52005153,FALSE
cg09895514,-0.421194591,1.18E-64,-18.92083209,TSNAX-DISC1,Body-opensea,1,231907041,FALSE
cg14005725,-0.421153631,8.27E-63,-18.59131899,SH3GL2,Body-opensea,9,17666974,TRUE
cg22812280,-0.421084163,5.56E-72,-20.20668263,OR52A1,TSS200-opensea,11,5173605,FALSE
cg10278102,-0.421033064,8.70E-79,-21.37451833,PRMT3,5'UTR-shore,11,20410216,FALSE
cg27549186,-0.420939105,1.82E-40,-14.34428521,TIMP2,Body-opensea,17,76858248,TRUE
cg18385570,-0.420925954,2.75E-63,-18.67740337,OR7C2,TSS200-opensea,19,15052282,FALSE
cg22037408,-0.420668518,2.32E-56,-17.42173778,ZNF677,3'UTR-opensea,19,53739025,TRUE
cg03660603,-0.420533012,4.86E-52,-16.61553208,VGLL3,Body-opensea,3,86998418,TRUE
cg09417355,-0.420476595,1.55E-43,-14.96553004,LCE6A,TSS1500-opensea,1,152814273,FALSE
cg02913918,-0.420420004,5.59E-39,-14.03677738,CACNA1E,Body-island,1,181767609,TRUE
cg14203721,-0.420360048,1.87E-78,-21.31701935,FPR2,5'UTR-opensea,19,52266642,TRUE
cg16812893,-0.420126453,1.91E-59,-17.98561311,KRTAP15-1,3'UTR-opensea,21,31813075,FALSE
cg11009001,-0.419955872,2.54E-69,-19.74137464,C6orf118,Body-opensea,6,165715240,FALSE
cg17431952,-0.419645062,1.06E-44,-15.19775927,KCNN2,Body-opensea,5,113806337,FALSE
cg02490589,-0.41958818,3.71E-47,-15.68046571,PYHIN1,Body-opensea,1,158944784,FALSE
cg07280593,-0.419517266,2.61E-81,-21.80176328,LILRA2,5'UTR-opensea,19,55085260,TRUE
cg06284586,-0.419472791,3.95E-51,-16.44341765,COL6A3,Body-opensea,2,238296513,TRUE
cg22953407,-0.419335608,2.98E-64,-18.84987982,GRM6,3'UTR-opensea,5,178408081,TRUE
cg09852493,-0.419262342,1.18E-68,-19.62510116,AGBL1,Body-opensea,15,87101438,FALSE
cg21506790,-0.419216211,2.02E-57,-17.616827,HBG2,TSS1500-opensea,11,5277210,FALSE
cg19852958,0.419142503,1.88E-52,16.69302055,NKX3-2,1stExon-island,4,13545760,FALSE
cg27361520,-0.419070212,1.32E-50,-16.34398013,IL18RAP,5'UTR-opensea,2,103038171,TRUE
cg02646706,-0.418982809,1.67E-52,-16.7029986,GPR139,Body-opensea,16,20053474,FALSE
cg09933516,-0.418738177,1.83E-54,-17.06976386,FLJ43860,Body-opensea,8,142505194,FALSE
cg12942878,-0.418632169,4.33E-59,-17.92105281,MGC2889,Body-shore,3,192960632,FALSE
cg02905828,-0.418581859,5.73E-67,-19.32899493,SNORD30,TSS1500-shore,11,62622234,FALSE
cg08386867,-0.418534116,4.50E-63,-18.63928486,LILRB1,3'UTR-opensea,19,55148602,TRUE
cg05101437,-0.418465292,5.32E-56,-17.35499385,CDK6,Body-opensea,7,92262970,TRUE
cg13797779,-0.418183671,5.89E-53,-16.78768693,C14orf177,5'UTR-opensea,14,99180409,FALSE
cg12060838,-0.418182645,2.04E-40,-14.33388961,KIRREL,Body-opensea,1,158028936,FALSE
cg27331871,-0.418128263,1.48E-61,-18.36642481,INS-IGF2,Body-opensea,11,2171478,TRUE
cg07700393,-0.4181101,2.20E-50,-16.30177515,ADAMTS12,Body-opensea,5,33788976,TRUE
cg23606421,-0.418089994,1.36E-102,-25.32700866,ENTPD8,Body-island,9,140330621,FALSE
cg03447880,-0.418082606,6.03E-51,-16.40843782,ADCYAP1R1,Body-opensea,7,31121827,TRUE
cg01889169,0.418072772,1.14E-41,14.58952173,C7orf20,Body-shore,7,927986,FALSE
cg02767827,-0.417994532,3.60E-45,-15.2909064,RADIL,Body-shore,7,4873428,FALSE
cg01019874,-0.417945252,6.04E-53,-16.78568751,RGMA,Body-island,15,93588328,FALSE
cg08188069,-0.417704431,1.49E-75,-20.82076759,SDR16C6,TSS1500-opensea,8,57309394,FALSE
cg14691364,-0.417658371,2.23E-43,-14.93425154,GRM8,Body-opensea,7,126165242,TRUE
cg27026371,-0.417377426,1.48E-68,-19.60750311,OR10G4,TSS200-opensea,11,123886141,FALSE
cg07783282,0.417160063,4.96E-52,16.61373606,USP44,TSS1500-island,12,95942964,TRUE
cg12485926,-0.417147258,3.08E-52,-16.65275869,OR5B3,1stExon-opensea,11,58170303,FALSE
cg06537894,0.417098717,5.23E-65,18.98362335,MAST1,Body-island,19,12978706,TRUE
cg00868860,-0.417075138,7.53E-51,-16.39000345,DCD,Body-opensea,12,55041948,TRUE
cg14967020,-0.416936067,6.41E-36,-13.3916168,PHF21B,3'UTR-opensea,22,45277475,TRUE
cg19370043,-0.416903806,2.70E-39,-14.10232315,PRRX1,Body-opensea,1,170698507,TRUE
cg00929345,-0.416874202,5.65E-55,-17.16489323,BAI1,Body-shore,8,143622353,FALSE
cg13546935,0.416816977,1.57E-53,16.89520133,SPDYA,5'UTR-island,2,29033780,TRUE
cg04436724,-0.416785946,6.43E-49,-16.02088108,PXDN,Body-opensea,2,1681494,TRUE
cg23021650,-0.416737866,2.65E-48,-15.90226174,TCHH,TSS1500-shelf,1,152087889,TRUE
cg23655160,-0.416668107,1.98E-57,-17.61854276,GPR123,Body-island,10,134912411,FALSE
cg20064897,-0.416598175,4.03E-38,-13.85794656,GALNT9,Body-island,12,132900620,TRUE
cg25395619,-0.416397378,9.67E-53,-16.74744873,TRPC7,Body-shore,5,135693111,TRUE
cg16429208,-0.416056564,1.93E-57,-17.62059989,LOC148824,Body-shore,1,247693002,FALSE
cg03303006,-0.415997065,1.01E-36,-13.56221469,STK32C,Body-opensea,10,134088170,TRUE
cg14565752,-0.415969707,9.87E-50,-16.17678422,SLC8A2,Body-shelf,19,47955003,TRUE
cg08970694,-0.415820023,5.15E-77,-21.0705713,HBE1,Body-opensea,11,5290746,FALSE
cg11578055,-0.41563349,5.60E-35,-13.18930655,ZNF518B,Body-opensea,4,10447440,FALSE
cg00454447,0.415569018,3.46E-58,17.75653523,TRAP1,Body-shelf,16,3728185,TRUE
cg04172395,-0.415389744,1.25E-36,-13.54261276,NTM,Body-opensea,11,132177605,TRUE
cg04923174,-0.415298341,7.38E-92,-23.56180773,OR10X1,1stExon-opensea,1,158549277,FALSE
cg05252264,-0.415284687,3.78E-63,-18.65277132,FCAR,1stExon-opensea,19,55385587,TRUE
cg22475082,-0.415268893,1.31E-54,-17.09725076,NLRP2,Body-shelf,19,55497681,TRUE
cg17734137,-0.415229059,4.57E-46,-15.46754861,C20orf197,3'UTR-opensea,20,58647209,FALSE
cg17366808,-0.415199605,9.67E-44,-15.00707028,C15orf60,TSS200-island,15,73735476,FALSE
cg22827685,-0.414950512,6.44E-54,-16.96767088,NOS1,5'UTR-opensea,12,117768981,TRUE
cg12081389,-0.414655602,8.20E-59,-17.87077573,OR2W1,1stExon-opensea,6,29012269,FALSE
cg12123470,-0.414591259,2.05E-45,-15.33915108,SFMBT2,Body-shore,10,7215341,TRUE
cg20323571,-0.414511524,8.44E-97,-24.38016419,MIR488,TSS1500-opensea,1,176999034,TRUE
cg23420286,-0.414485955,3.57E-48,-15.87768875,BMP7,Body-shelf,20,55835350,TRUE
cg05327835,0.414364218,1.23E-39,14.17324836,IDUA,Body-island,4,996175,TRUE
cg12232903,-0.41432066,5.63E-54,-16.9786363,CLNK,TSS200-opensea,4,10686413,TRUE
cg20676475,-0.414047732,1.08E-56,-17.48298656,LCE3D,5'UTR-opensea,1,152552494,FALSE
cg21594839,-0.41400139,1.39E-46,-15.5687985,OC90,TSS1500-opensea,8,133072043,FALSE
cg04757389,-0.413954846,7.28E-50,-16.20225693,PTPRS,Body-island,19,5250655,FALSE
cg18358845,-0.41383353,1.92E-56,-17.43698818,ZNF454,Body-opensea,5,178381935,FALSE
cg02057311,-0.41379512,6.56E-39,-14.0222654,ASB18,Body-shore,2,237144107,FALSE
cg07276388,-0.41377178,4.10E-61,-18.2867464,CACNA2D3,Body-opensea,3,54940606,TRUE
cg03436967,-0.413695089,2.85E-46,-15.50774091,MIR548I4,Body-opensea,7,147207052,FALSE
cg19248557,-0.413652971,2.94E-54,-17.03158723,HLA-DRA,Body-opensea,6,32407838,FALSE
cg01364826,-0.413620009,2.45E-53,-16.85923077,LEMD1,TSS1500-opensea,1,205392200,TRUE
cg14509032,-0.413501672,4.09E-44,-15.08149945,OLFM1,Body-opensea,9,137973723,FALSE
cg15087740,-0.413415363,9.25E-43,-14.80993564,OR2L8,TSS200-opensea,1,248112137,FALSE
cg00506866,-0.413291873,2.20E-65,-19.05034743,RRM2,Body-island,2,10263480,TRUE
cg03706358,-0.412985957,1.63E-56,-17.45002687,C15orf32,3'UTR-opensea,15,93043867,FALSE
cg02583247,-0.41277433,4.80E-59,-17.91279967,FGF6,TSS1500-shore,12,4555311,TRUE
cg12484411,-0.412710041,3.55E-50,-16.26212164,TRHR,TSS200-opensea,8,110099683,TRUE
cg03012452,-0.412666001,3.37E-55,-17.20638217,PHACTR1,Body-shelf,6,12754496,FALSE
cg26800893,-0.412435186,3.23E-70,-19.89781629,ATPGD1,5'UTR-shore,11,67184596,FALSE
cg08154437,0.412427838,1.44E-45,15.36917161,CPAMD8,Body-island,19,17008650,FALSE
cg04221650,-0.412423523,1.41E-41,-14.57119161,LCE4A,1stExon-opensea,1,152681887,FALSE
cg04276626,-0.412408339,2.18E-52,-16.68078772,MIR21,TSS200-opensea,17,57918500,TRUE
cg05040348,-0.412166564,2.01E-55,-17.24805616,C8orf34,Body-opensea,8,69497246,FALSE
cg21757820,-0.412003564,4.47E-65,-18.99568473,GABRA1,Body-opensea,5,161285320,TRUE
cg11775579,-0.411942445,4.02E-55,-17.19218141,NRXN1,Body-opensea,2,50232611,FALSE
cg05353872,-0.411908913,1.85E-76,-20.97608435,OR2M3,1stExon-opensea,1,248366399,FALSE
cg09235702,-0.411876684,1.15E-75,-20.84048182,VN1R4,TSS1500-opensea,19,53771332,FALSE
cg22466653,-0.411870557,6.07E-64,-18.7950516,OR4D1,TSS200-shore,17,56232357,FALSE
cg27450167,-0.411702109,3.89E-59,-17.92935786,TMEM163,Body-opensea,2,135272843,FALSE
cg08361180,0.411614995,1.64E-33,12.86967183,FBXW4,Body-opensea,10,103432427,TRUE
cg05080154,0.411565116,9.50E-51,16.37087189,SALL3,TSS1500-island,18,76739409,TRUE
cg00485748,-0.411554029,3.53E-57,-17.57241534,SLC12A5,Body-shore,20,44662007,TRUE
cg11173146,0.411437179,5.64E-36,13.40344864,EFNB2,TSS200-island,13,107187412,TRUE
cg24126784,-0.411328606,6.57E-46,-15.43624721,ST8SIA2,Body-opensea,15,92988053,TRUE
cg05868413,-0.411274136,8.66E-44,-15.01661881,PLAC1L,Body-opensea,11,59808049,FALSE
cg21495956,-0.411202716,3.87E-52,-16.63420919,THSD7B,3'UTR-opensea,2,138434773,FALSE
cg11420667,-0.411195082,1.94E-43,-14.94618946,HCCA2,Body-opensea,11,1750353,FALSE
cg08180229,-0.411020295,1.02E-44,-15.20089809,LOC400940,Body-opensea,2,6122814,FALSE
cg08479865,-0.410812283,8.51E-61,-18.22965091,DRD3,1stExon-opensea,3,113897550,FALSE
cg12584111,-0.410797362,1.99E-53,-16.87601002,MOXD2,Body-opensea,7,141943158,FALSE
cg11791144,-0.410770188,9.15E-66,-19.11779283,NRG1,Body-opensea,8,32129319,TRUE
cg15503081,-0.410456246,1.27E-66,-19.26821406,DNASE2,TSS1500-shore,19,12992867,FALSE
cg11174855,0.410400303,4.60E-90,23.26631782,NKX6-2,3'UTR-island,10,134598352,TRUE
cg13564825,0.410235273,6.72E-51,16.39944672,PPP1R14A,TSS200-island,19,38747201,TRUE
cg14731462,-0.410213182,1.60E-38,-13.94208517,PTPRE,5'UTR-opensea,10,129789429,FALSE
cg21400442,-0.410212666,3.78E-33,-12.7901684,KIF26B,Body-opensea,1,245567682,TRUE
cg21080533,-0.410183378,5.72E-50,-16.22228771,PGK2,TSS200-opensea,6,49755105,FALSE
cg26439139,-0.410087703,4.01E-52,-16.63126271,SGCD,Body-opensea,5,155924786,FALSE
cg04730794,-0.410086497,2.87E-61,-18.31448209,DOCK2,Body-opensea,5,169144438,TRUE
cg14929805,-0.410058075,7.24E-45,-15.23105842,WISP1,Body-opensea,8,134232964,FALSE
cg07709358,-0.40995973,9.07E-54,-16.9399851,MYOM2,Body-shore,8,2002553,TRUE
cg21844669,-0.409950258,8.91E-45,-15.21293028,CCDC60,TSS1500-shore,12,119771135,FALSE
cg15835339,-0.409938919,7.43E-56,-17.32782714,SFTA1P,Body-opensea,10,10828105,TRUE
cg26020982,-0.409795268,2.23E-69,-19.75117759,HRNR,5'UTR-opensea,1,152196106,TRUE
cg22968167,-0.409771683,3.07E-57,-17.58367355,OR51G1,TSS1500-opensea,11,4945873,FALSE
cg04995095,-0.409590118,2.02E-68,-19.58375955,CD300E,Body-opensea,17,72619556,FALSE
cg16313382,-0.409554734,7.49E-34,-12.94440146,NFATC1,Body-shore,18,77273814,TRUE
cg20546259,-0.409554385,9.99E-58,-17.67279921,FSHR,Body-opensea,2,49271470,TRUE
cg20554761,-0.409439741,3.26E-68,-19.54791255,AMPH,Body-opensea,7,38469054,TRUE
cg17271677,-0.409431384,3.44E-49,-16.07294249,PDPN,3'UTR-opensea,1,13942436,TRUE
cg04281261,-0.409401292,1.11E-67,-19.45439218,LOC643406,Body-opensea,20,5451900,FALSE
cg11310812,-0.409351451,3.10E-39,-14.08981034,KCNJ16,Body-opensea,17,68128775,FALSE
cg19250709,-0.409290984,3.15E-46,-15.49906894,LCE1B,TSS1500-opensea,1,152783489,FALSE
cg16418228,-0.409287138,2.43E-53,-16.85998675,LRTM1,TSS1500-opensea,3,54963186,FALSE
cg16377872,-0.409268972,3.16E-43,-14.90365644,SLC1A6,TSS1500-opensea,19,15084823,FALSE
cg25210884,-0.40923585,3.51E-43,-14.89443696,PDE1C,Body-opensea,7,32091043,FALSE
cg09096054,-0.40920004,8.32E-38,-13.79179635,DACH1,Body-opensea,13,72408750,TRUE
cg21527708,-0.409194138,3.35E-60,-18.12295915,LOC149620,TSS1500-opensea,1,111822043,FALSE
cg16002908,-0.409180183,3.26E-49,-16.07745831,CPXM2,Body-opensea,10,125539687,TRUE
cg13419884,-0.409058142,3.72E-56,-17.38361278,KIAA1486,Body-island,2,226446871,FALSE
cg18004756,0.409052278,8.40E-41,14.41307659,GRHL2,TSS200-island,8,102504482,TRUE
cg22395811,-0.408883835,4.88E-67,-19.34122405,1-Mar,5'UTR-opensea,4,164945455,FALSE
cg21367256,-0.408754324,1.74E-66,-19.24459113,MYT1,TSS200-opensea,20,62795658,TRUE
cg00214012,-0.408615888,3.40E-41,-14.49354965,APBA2,5'UTR-opensea,15,29326467,TRUE
cg18279094,0.408537214,2.14E-62,18.51737717,FOXD3,1stExon-island,1,63790044,TRUE
cg08921491,-0.408510909,2.15E-52,-16.68186469,NTRK3,Body-opensea,15,88577641,TRUE
cg23319104,-0.408458997,1.44E-50,-16.33641527,ADAMTS2,Body-opensea,5,178631845,TRUE
cg15734409,-0.408435646,5.32E-67,-19.33468053,FAM19A4,5'UTR-opensea,3,68961294,FALSE
cg20968743,-0.408366611,4.63E-56,-17.36614966,TSPAN18,5'UTR-opensea,11,44883965,FALSE
cg17724366,-0.408211756,6.42E-72,-20.19567177,FPR1,3'UTR-opensea,19,52249171,TRUE
cg03109316,-0.407702966,1.31E-55,-17.28215377,ZNF80,TSS1500-opensea,3,113957903,FALSE
cg15063695,-0.407530423,3.98E-39,-14.06717345,GK2,TSS200-opensea,4,80329483,FALSE
cg04156581,-0.407510569,3.65E-43,-14.89100216,TCTE1,Body-island,6,44254074,FALSE
cg12081253,-0.407476314,3.69E-36,-13.44282928,SDK2,Body-island,17,71431773,TRUE
cg18223579,-0.407436028,7.87E-43,-14.82400245,ESRRG,5'UTR-opensea,1,217125704,TRUE
cg03545548,-0.407403752,1.09E-61,-18.39022446,WDR49,Body-opensea,3,167320581,FALSE
cg02068832,-0.407360301,4.47E-44,-15.07394186,CACNA2D4,Body-shore,12,1976671,FALSE
cg14969542,-0.407351452,2.98E-41,-14.50507068,ABI3BP,Body-opensea,3,100684923,TRUE
cg22688241,-0.407344984,7.00E-52,-16.58561237,KIAA0748,5'UTR-opensea,12,55369150,FALSE
cg13759674,0.407319483,3.08E-45,15.30416854,GRIN1,Body-island,9,140051205,TRUE
cg00202568,-0.407280574,4.57E-54,-16.99565978,RP1,TSS1500-opensea,8,55528166,FALSE
cg25747935,-0.407231282,1.24E-85,-22.52753268,OR51A2,TSS1500-opensea,11,4977540,FALSE
cg26090020,-0.40720972,2.76E-52,-16.66187991,C17orf102,3'UTR-shelf,17,32903717,FALSE
cg02594607,-0.407095782,1.39E-45,-15.37226966,HS3ST4,Body-opensea,16,25730812,FALSE
cg18030386,0.407043085,1.58E-97,24.49905351,UHRF1,Body-island,19,4944160,TRUE
cg17689601,-0.40697038,2.93E-41,-14.50653945,NRG3,Body-opensea,10,83651137,FALSE
cg20749741,0.406874024,2.65E-22,10.21621645,ACP1,TSS1500-island,2,264178,TRUE
cg00056754,-0.406779237,1.71E-55,-17.26098603,DUSP27,TSS200-opensea,1,167063958,FALSE
cg15120220,-0.406721158,2.45E-31,-12.38619105,DISC1,Body-opensea,1,232065789,FALSE
cg07072643,-0.40670254,8.64E-49,-15.99625608,EMR3,5'UTR-opensea,19,14785593,FALSE
cg04103410,-0.40660245,1.10E-37,-13.76646681,KCNMB1,Body-opensea,5,169808789,FALSE
cg12155028,-0.406579269,3.55E-56,-17.38751712,PRR16,Body-opensea,5,119864497,FALSE
cg01449469,0.406527737,6.82E-75,20.70745678,KIAA1949,3'UTR-shelf,6,30644681,FALSE
cg02141358,-0.406525927,9.23E-49,-15.99081065,SDR16C5,Body-shelf,8,57228615,FALSE
cg04414509,-0.40648564,2.45E-57,-17.60154684,MECOM,Body-opensea,3,169351419,TRUE
cg11595545,0.406446406,2.61E-39,14.1052712,KCNA3,1stExon-island,1,111217497,TRUE
cg22902499,-0.406185065,2.07E-62,-18.51992588,MIR548H3,Body-opensea,6,97754012,FALSE
cg18765906,0.406152949,3.35E-51,16.45697272,NID1,Body-opensea,1,236175393,TRUE
cg03610629,0.406074562,1.12E-101,25.18043893,PHRF1,Body-shore,11,611114,TRUE
cg00499159,-0.405987621,1.72E-49,-16.13048785,KCNIP4,5'UTR-opensea,4,21854961,TRUE
cg06776976,-0.405958133,3.17E-74,-20.59216195,TMEM206,TSS1500-shore,1,212588580,FALSE
cg05640294,-0.405889383,4.76E-46,-15.46388121,RYR1,Body-island,19,38976794,FALSE
cg26558591,-0.405859424,5.83E-45,-15.24963144,GSG1L,Body-opensea,16,27829801,TRUE
cg01857186,-0.405695819,5.42E-45,-15.2559296,OR4D5,1stExon-opensea,11,123811110,FALSE
cg00665650,-0.405463629,3.28E-62,-18.4838381,PAIP2,TSS1500-shore,5,138676787,TRUE
cg01781119,-0.405362291,3.72E-56,-17.38358026,GRIP1,Body-opensea,12,66859938,TRUE
cg07014174,-0.40527629,1.00E-71,-20.1623492,KRTAP11-1,1stExon-opensea,21,32253760,FALSE
cg17903359,-0.405180355,6.78E-50,-16.20811458,OR2G2,1stExon-opensea,1,247752207,FALSE
cg22123865,-0.405158628,1.08E-67,-19.45645279,DCLK1,Body-opensea,13,36627609,TRUE
cg13510813,-0.405130039,6.24E-56,-17.34198484,GRIK5,TSS1500-opensea,19,42571339,FALSE
cg02515133,-0.404882067,3.47E-36,-13.4484851,GRM3,Body-island,7,86415687,TRUE
cg19974448,-0.404751397,2.91E-46,-15.50572207,LOC100169752,TSS200-opensea,10,127262774,FALSE
cg26012050,-0.404640128,1.10E-58,-17.84704164,PCSK2,Body-shelf,20,17292250,TRUE
cg19384540,-0.404586444,1.90E-36,-13.50418599,ZNF536,Body-shore,19,30934550,FALSE
cg05860723,0.404496468,7.68E-73,20.35487708,MYF6,Body-island,12,81102486,TRUE
cg24870096,-0.404472132,3.79E-47,-15.6786478,PROP1,TSS1500-opensea,5,177423999,TRUE
cg12315311,-0.404383105,2.02E-85,-22.49190776,VSTM1,TSS1500-opensea,19,54568443,FALSE
cg09313745,0.404169294,2.75E-110,26.58747026,TSPAN9,Body-opensea,12,3373666,FALSE
cg06521247,-0.404127404,2.61E-62,-18.50163397,PRDM16,Body-opensea,1,3209787,TRUE
cg20129213,0.404021741,1.83E-41,14.54826496,RIMS2,TSS1500-island,8,104512317,TRUE
cg01373089,-0.40391138,2.64E-38,-13.89628877,GABBR1,Body-opensea,6,29589631,FALSE
cg24532610,-0.40388548,2.97E-53,-16.84354693,LALBA,3'UTR-opensea,12,48961603,TRUE
cg08835992,-0.40385889,2.18E-63,-18.69560783,OR5E1P,TSS200-opensea,11,7870404,FALSE
cg20065449,-0.403827527,1.50E-46,-15.56243562,OR2M5,TSS1500-opensea,1,248307122,FALSE
cg06841902,-0.403657206,3.34E-44,-15.0992082,OR3A2,TSS1500-opensea,17,3183524,FALSE
cg24696967,-0.403625467,7.11E-45,-15.23254579,PDE10A,Body-shore,6,165747029,TRUE
cg00157228,-0.403369037,1.50E-49,-16.14198993,KCNT1,Body-shore,9,138682403,FALSE
cg20181079,-0.403232537,1.31E-59,-18.01566742,OR4D11,TSS1500-opensea,11,59270409,FALSE
cg14462017,-0.403180789,4.76E-61,-18.27520773,SYT4,Body-opensea,18,40853833,FALSE
cg21038932,-0.403081443,8.95E-54,-16.94102725,HLA-DQB2,Body-shore,6,32730859,TRUE
cg05501407,-0.403079336,1.39E-42,-14.77382808,F13A1,3'UTR-opensea,6,6145669,TRUE
cg00282706,-0.40304117,8.57E-57,-17.50154825,ANO2,TSS200-opensea,12,6055430,TRUE
cg20399616,0.402997593,1.19E-36,13.54710709,BCAT1,Body-island,12,25055967,TRUE
cg09363068,-0.402956462,1.55E-59,-18.00203372,COX19,3'UTR-shelf,7,1004748,FALSE
cg13337716,-0.402499607,3.31E-41,-14.49575125,RYR3,Body-opensea,15,34015232,FALSE
cg12711059,-0.402454887,5.28E-48,-15.84481736,FAM189A1,3'UTR-opensea,15,29415366,FALSE
cg02079551,-0.402400592,9.31E-49,-15.99003296,SORCS3,3'UTR-opensea,10,107023377,FALSE
cg20803211,-0.402375902,1.42E-47,-15.76174779,ZSCAN23,Body-opensea,6,28403086,FALSE
cg03296248,-0.402365518,7.71E-37,-13.58749697,COL4A1,Body-island,13,110918516,TRUE
cg10732871,-0.402358985,6.74E-73,-20.36467218,GPX4,TSS1500-shore,19,1102675,TRUE
cg22385595,-0.402222028,2.48E-35,-13.26543757,DLGAP2,Body-opensea,8,1563040,FALSE
cg25929202,-0.402179088,6.68E-55,-17.15136014,CPNE4,TSS1500-shore,3,131755265,FALSE
cg02873384,-0.402064385,1.01E-80,-21.7015948,OR51G2,1stExon-opensea,11,4936857,FALSE
cg17969913,-0.401995376,2.52E-84,-22.30995323,KCNQ5,Body-shelf,6,73865360,FALSE
cg00843019,-0.401956884,1.73E-47,-15.74520667,ZNF114,Body-opensea,19,48785784,FALSE
cg01881778,-0.401882243,8.93E-46,-15.4100121,OR8S1,1stExon-shelf,12,48919444,FALSE
cg27093637,-0.401789694,6.06E-55,-17.15928879,OR51M1,TSS200-opensea,11,5410452,FALSE
cg14091978,-0.401773714,5.43E-69,-19.68350804,C1orf94,Body-opensea,1,34652610,FALSE
cg08867933,-0.401671967,1.22E-55,-17.28848606,MIR1179,TSS1500-shore,15,89150842,TRUE
cg03045699,-0.401491863,1.79E-53,-16.88457731,NTNG1,Body-opensea,1,107737854,TRUE
cg11447811,-0.401483123,2.05E-35,-13.28307354,KRT9,TSS1500-opensea,17,39729237,FALSE
cg23481862,-0.401426727,4.39E-48,-15.86030765,LOC729384,TSS1500-opensea,11,89655871,FALSE
cg12117986,-0.401410888,1.23E-38,-13.96583726,MKX,Body-opensea,10,27976377,FALSE
cg01424997,-0.401381212,6.75E-56,-17.33564977,NLRP13,1stExon-opensea,19,56443419,FALSE
cg03601644,-0.401211452,4.77E-47,-15.65919069,CACNG6,Body-shore,19,54498336,FALSE
cg16461134,-0.401141177,1.03E-50,-16.36396294,IGSF9B,Body-shelf,11,133804886,FALSE
cg12052613,-0.400901894,2.90E-47,-15.70148248,SYT14,Body-opensea,1,210266869,FALSE
cg12921481,-0.400753264,1.02E-60,-18.21574094,OR6N2,1stExon-opensea,1,158747277,FALSE
cg13927088,-0.400617735,2.52E-45,-15.32165971,C1orf68,TSS1500-opensea,1,152691125,FALSE
cg13461336,-0.400474238,5.01E-54,-16.9882563,SPATA19,3'UTR-opensea,11,133711254,TRUE
cg08808798,-0.400353622,2.16E-53,-16.86951165,ZNF610,5'UTR-opensea,19,52848616,FALSE
cg16782925,-0.400331783,2.40E-40,-14.31956693,NCRNA00159,TSS1500-opensea,21,33452381,FALSE
cg13665300,-0.400182401,4.44E-47,-15.66528067,STK32A,5'UTR-shelf,5,146616603,FALSE
cg12818940,-0.400111369,6.53E-31,-12.29028469,KRT33A,TSS200-opensea,17,39507077,FALSE
cg01937809,-0.400082499,2.93E-52,-16.6570565,ZC3H12A,Body-shore,1,37941854,TRUE
cg25267258,-0.400046785,3.64E-34,-13.01297103,OR14J1,1stExon-opensea,6,29274620,FALSE
cg01233744,-0.400029702,5.28E-53,-16.79668099,PATE2,Body-opensea,11,125648242,FALSE
