Probe_ID,logFC,AveExpr,t,P.Value,adj.P.Val,B,Tumor_AVG,Normal_AVG,deltaBeta,CHR,MAPINFO,Strand,Type,gene,feature,cgi,feat.cgi,UCSC_CpG_Islands_Name,DHS,Enhancer,Phantom,Probe_SNPs,Probe_SNPs_10
cg12628196,0.522844105,0.603919232,53.0856602,3.42E-248,1.15E-243,557.0972008,0.660362629,0.137518524,-0.522844105,7,127672458,R,I,SND1,Body,island,Body-island,chr7:127671158-127672853,TRUE,NA,high-CpG:127459495-127459695,,
cg01588438,0.648878165,0.711494238,46.94824025,6.34E-219,8.69E-215,490.1429266,0.781543585,0.13266542,-0.648878165,8,67344553,R,II,ADHFE1,TSS200,island,TSS200-island,chr8:67344497-67344989,TRUE,NA,,,
cg06197966,-0.547239522,0.162626103,-46.18434245,3.86E-215,4.47E-211,481.4781733,0.10354911,0.650788631,0.547239522,10,29948324,F,II,SVIL,5'UTR,opensea,5'UTR-opensea,,TRUE,NA,,,
cg16601494,0.575707851,0.656160201,45.10869131,9.34E-210,9.34E-206,469.1518174,0.71831048,0.142602629,-0.575707851,1,1475737,R,I,C1orf70,5'UTR,shore,5'UTR-shore,chr1:1476093-1476669,NA,NA,,,
cg13895235,0.605216046,0.683952462,43.91138702,1.09E-203,8.95E-200,455.2590128,0.749288285,0.144072239,-0.605216046,7,752292,F,I,PRKAR1B,5'UTR,shore,5'UTR-shore,chr7:750788-751237,TRUE,NA,high-CpG:718472-718888,,
cg11838152,-0.557063618,0.198102776,-42.94706646,9.52E-199,7.19E-195,443.9380462,0.137965226,0.695028844,0.557063618,13,102359110,R,II,ITGBL1,Body,opensea,Body-opensea,,TRUE,TRUE,,,
cg17301223,0.542122989,0.601191731,42.87947034,2.12E-198,1.57E-194,443.140094,0.659716372,0.117593384,-0.542122989,8,145106438,R,I,OPLAH,Body,island,Body-island,chr8:145103285-145108027,NA,NA,,,
cg01029623,0.515476762,0.567432067,41.65935936,4.53E-192,2.58E-188,428.6388775,0.623080126,0.107603364,-0.515476762,12,122016779,R,II,KDM2B,Body,island,Body-island,chr12:122016170-122017693,TRUE,NA,high-CpG:120500743-120502801,,
cg14642259,-0.576146144,0.387760712,-40.67546614,6.58E-187,3.25E-183,416.8107629,0.325563117,0.901709261,0.576146144,11,47359017,F,I,MYBPC3,Body,shore,Body-shore,chr11:47359953-47360216,NA,NA,,rs3729952,
cg16792800,0.512849406,0.696548385,37.39275055,2.52E-169,7.52E-166,376.5047757,0.75191281,0.239063404,-0.512849406,13,93879361,F,II,GPC6,1stExon,island,1stExon-island,chr13:93879245-93880877,TRUE,NA,,rs17645969,
cg14015706,0.623786706,0.591165817,36.90243938,1.18E-166,3.22E-163,370.377609,0.658506427,0.03471972,-0.623786706,9,132382433,R,II,C9orf50,1stExon,island,1stExon-island,chr9:132382432-132383004,TRUE,TRUE,,,
cg09975620,0.506380357,0.567254757,36.48207912,2.36E-164,6.16E-161,365.1034345,0.621920819,0.115540461,-0.506380357,13,28498384,R,I,PDX1,Body,island,Body-island,chr13:28498226-28499046,NA,NA,,,
cg00558689,0.526524342,0.725482053,36.29603763,2.48E-163,6.37E-160,362.7630704,0.782322749,0.255798407,-0.526524342,6,41607109,F,II,MDFI,Body,island,Body-island,chr6:41606994-41607238,TRUE,NA,,,
cg16993043,0.50434398,0.547862084,35.54563432,3.36E-159,8.14E-156,353.2856881,0.602308309,0.097964329,-0.50434398,1,200008026,F,I,NR5A2,Body,shore,Body-shore,chr1:200008392-200009047,TRUE,NA,,,
cg06617456,0.515670969,0.646937867,34.78468744,5.53E-155,1.17E-151,343.6155782,0.702606892,0.186935924,-0.515670969,8,68864769,R,II,PREX2,1stExon,island,1stExon-island,chr8:68864584-68864946,TRUE,NA,,,
cg17128947,0.542250037,0.653673929,34.29703187,2.87E-152,5.75E-149,337.3881071,0.712212286,0.169962248,-0.542250037,4,779480,R,I,CPLX1,3'UTR,island,3'UTR-island,chr4:778661-780592,NA,NA,,,
cg00185566,0.50291964,0.57941536,34.14444579,2.04E-151,4.00E-148,335.4348256,0.633707821,0.130788181,-0.50291964,1,14925856,F,II,KIAA1026,Body,island,Body-island,chr1:14924610-14925993,NA,NA,,,
cg17373442,0.510229519,0.58772686,33.96232924,2.12E-150,4.05E-147,333.100629,0.642808456,0.132578937,-0.510229519,3,142839991,F,I,CHST2,Body,island,Body-island,chr3:142837885-142840838,TRUE,NA,,,
cg08162124,0.510196437,0.805497368,33.88628615,5.66E-150,1.07E-146,332.1250597,0.860575393,0.350378956,-0.510196437,13,113428094,R,I,ATP11A,Body,shore,Body-shore,chr13:113429177-113429393,NA,NA,,,
cg06952671,0.514281853,0.550530609,33.40654586,2.76E-147,4.92E-144,325.9581166,0.606049672,0.091767819,-0.514281853,2,182322268,F,I,ITGA4,5'UTR,island,5'UTR-island,chr2:182321761-182323029,TRUE,TRUE,high-CpG:182030327-182030529,rs190497,
cg20968743,-0.502371295,0.168963603,-33.24148288,2.33E-146,3.98E-143,323.8314685,0.114730338,0.617101633,0.502371295,11,44883965,F,II,TSPAN18,5'UTR,opensea,5'UTR-opensea,,NA,TRUE,,,
cg07198552,0.520034027,0.63392565,33.00252309,5.15E-145,8.48E-142,320.7484975,0.690065687,0.17003166,-0.520034027,20,59828977,F,II,CDH4,Body,island,Body-island,chr20:59826977-59828978,NA,NA,,,
cg00421139,0.507096287,0.588861417,32.78711086,8.42E-144,1.33E-140,317.9651047,0.643604766,0.136508478,-0.507096287,8,97172961,R,I,GDF6,1stExon,island,1stExon-island,chr8:97172634-97173880,TRUE,NA,,,
cg06223767,0.527196993,0.612361629,32.60283616,9.21E-143,1.42E-139,315.5809346,0.669274941,0.142077948,-0.527196993,6,393616,R,I,IRF4,Body,island,Body-island,chr6:391188-393790,NA,NA,,,
cg16318112,0.515862007,0.637222278,31.84548083,1.77E-138,2.36E-135,305.7532398,0.692911927,0.17704992,-0.515862007,1,969254,F,I,AGRN,Body,island,Body-island,chr1:967966-970238,TRUE,NA,high-CpG:959100-959386,,
cg21938148,0.53951569,0.591335335,31.81314004,2.70E-138,3.57E-135,305.3325768,0.649578506,0.110062816,-0.53951569,13,110958977,F,I,COL4A1,Body,island,Body-island,chr13:110958891-110960590,NA,NA,,,
cg11017065,0.620328682,0.622051024,30.68072368,7.45E-132,8.53E-129,290.5556266,0.689018325,0.068689643,-0.620328682,11,128564874,F,I,FLI1,Body,island,Body-island,chr11:128562671-128565011,NA,NA,,,
cg00817367,0.579607951,0.59508087,30.4220682,2.23E-130,2.46E-127,287.168399,0.657652183,0.078044232,-0.579607951,12,52401214,F,I,GRASP,Body,island,Body-island,chr12:52400467-52401696,TRUE,NA,,,
cg18239753,0.504775225,0.604317058,30.40027314,2.97E-130,3.26E-127,286.8827931,0.658809838,0.154034612,-0.504775225,6,62995963,F,II,KHDRBS2,1stExon,island,1stExon-island,chr6:62995855-62996228,NA,NA,high-CpG:63053912-63054110,,
cg26036626,0.531251944,0.623470605,29.87666771,2.93E-127,2.95E-124,280.0130495,0.680821667,0.149569723,-0.531251944,1,16085597,R,I,FBLIM1,5'UTR,island,5'UTR-island,chr1:16085147-16085862,TRUE,NA,,,
cg07974511,0.557581366,0.614433425,29.75862524,1.39E-126,1.37E-123,278.4622141,0.674626868,0.117045502,-0.557581366,2,63283013,F,I,OTX1,Body,island,Body-island,chr2:63282514-63283122,NA,TRUE,,rs61742369,
cg14215472,0.550406599,0.57761902,29.7063365,2.77E-126,2.67E-123,277.7750125,0.637037914,0.086631316,-0.550406599,17,27940404,F,II,ANKRD13B,Body,island,Body-island,chr17:27939298-27940770,NA,NA,,,
cg10989763,0.504776028,0.64956979,29.55559448,2.02E-125,1.89E-122,275.7931074,0.704062656,0.199286628,-0.504776028,2,139537745,F,II,NXPH2,Body,island,Body-island,chr2:139537692-139538650,NA,TRUE,,,
cg03514404,0.530290393,0.646901675,29.40518724,1.47E-124,1.35E-121,273.8144742,0.704148933,0.17385854,-0.530290393,7,143579665,F,I,FAM115A,5'UTR,shelf,5'UTR-shelf,chr7:143582125-143582610,TRUE,NA,,rs10952570,
cg10145246,0.505002552,0.664951512,29.35693111,2.78E-124,2.49E-121,273.1794247,0.719468833,0.214466282,-0.505002552,1,119527884,F,II,TBX15,5'UTR,shore,5'UTR-shore,chr1:119529819-119530712,NA,NA,,,
cg04389897,0.51475425,0.676785762,29.01060011,2.70E-122,2.26E-119,268.6185811,0.732355823,0.217601573,-0.51475425,6,10398601,R,II,TFAP2A,3'UTR,island,3'UTR-island,chr6:10398573-10398812,NA,NA,,,
cg25842285,0.551929518,0.634123543,28.94365025,6.55E-122,5.42E-119,267.7363106,0.693706844,0.141777326,-0.551929518,10,101089972,F,II,CNNM1,1stExon,island,1stExon-island,chr10:101089010-101090655,NA,NA,,,
cg12799689,0.519438107,0.531404978,28.92923848,7.93E-122,6.52E-119,267.5463667,0.587480683,0.068042575,-0.519438107,18,67067893,R,I,DOK6,TSS1500,island,TSS1500-island,chr18:67067509-67069168,TRUE,NA,high-CpG:65218774-65219306,,
cg14094027,-0.511257605,0.335864029,-28.5983113,6.32E-120,4.95E-117,263.1825448,0.280671447,0.791929052,0.511257605,12,120669080,F,II,PXN,5'UTR,opensea,5'UTR-opensea,,TRUE,NA,,,
cg13823136,0.507826684,0.689991951,28.28469335,4.02E-118,2.99E-115,259.0432733,0.74481415,0.236987466,-0.507826684,1,77333138,R,II,ST6GALNAC5,TSS200,island,TSS200-island,chr1:77333111-77334534,NA,NA,,,
cg14763548,0.515943392,0.593553205,28.21258882,1.05E-117,7.67E-115,258.0911457,0.649251639,0.133308247,-0.515943392,20,25062447,R,I,VSX1,1stExon,island,1stExon-island,chr20:25061761-25062928,TRUE,NA,,,
cg09073398,0.504608785,0.660091503,27.91616956,5.32E-116,3.62E-113,254.1753685,0.714566315,0.20995753,-0.504608785,5,168727762,R,II,SLIT3,5'UTR,island,5'UTR-island,chr5:168727429-168728275,TRUE,NA,high-CpG:168660331-168660780,,
cg22333214,0.50384859,0.610509114,27.8966876,6.89E-116,4.68E-113,253.9179221,0.664901859,0.16105327,-0.50384859,1,98511789,F,I,MIR137,TSS200,shore,TSS200-shore,chr1:98510966-98511710,NA,NA,,,
cg01901262,0.50620315,0.71665284,27.77544951,3.44E-115,2.30E-112,252.3155934,0.771299771,0.265096621,-0.50620315,16,54966837,R,II,IRX5,Body,island,Body-island,chr16:54962422-54967805,NA,NA,,,
cg14626259,0.513640785,0.645195982,27.65009076,1.81E-114,1.17E-111,250.6584379,0.70064584,0.187005055,-0.513640785,21,38079019,R,II,SIM2,Body,shore,Body-shore,chr21:38079941-38081833,NA,TRUE,,,
cg07095995,0.535930098,0.58957429,27.62096276,2.67E-114,1.71E-111,250.273336,0.64743038,0.111500282,-0.535930098,4,110223980,F,II,COL25A1,TSS200,island,TSS200-island,chr4:110222970-110224257,TRUE,NA,,rs12510959,
cg14861089,0.521950767,0.655361093,27.22443347,5.14E-112,3.03E-109,245.0291983,0.711708051,0.189757284,-0.521950767,10,102895043,R,I,TLX1,Body,island,Body-island,chr10:102893660-102895059,NA,NA,,,
cg03502002,0.506800895,0.662045085,27.17231733,1.03E-111,5.95E-109,244.3397652,0.716756545,0.20995565,-0.506800895,18,74962133,R,I,GALR1,1stExon,island,1stExon-island,chr18:74961556-74963822,NA,TRUE,,,
cg26593267,0.516688154,0.617769958,27.16385198,1.15E-111,6.63E-109,244.2277754,0.673548793,0.156860638,-0.516688154,13,113764871,R,II,F7,Body,island,Body-island,chr13:113761566-113765534,TRUE,NA,,,
cg21778987,-0.502555581,0.190658671,-26.81899248,1.12E-109,5.90E-107,239.6648648,0.136405512,0.638961093,0.502555581,6,136915367,F,II,MAP3K5,Body,opensea,Body-opensea,,TRUE,TRUE,,,
cg14270292,0.547726843,0.577346766,26.70284443,5.23E-109,2.68E-106,238.1278544,0.636476369,0.088749526,-0.547726843,6,133562494,F,II,EYA4,5'UTR,island,5'UTR-island,chr6:133562086-133563586,TRUE,NA,high-CpG:133604187-133604217,,
cg17892556,0.616094375,0.641095156,26.63351642,1.31E-108,6.66E-106,237.2103885,0.707605344,0.091510968,-0.616094375,19,12267464,R,II,ZNF625,1stExon,island,1stExon-island,chr19:12266998-12267686,NA,NA,,,
cg02030008,0.606680737,0.661663579,26.60563721,1.90E-108,9.56E-106,236.8414378,0.727157523,0.120476786,-0.606680737,7,157476930,R,II,PTPRN2,Body,island,Body-island,chr7:157476886-157486719,TRUE,NA,,,
cg21769093,-0.503562036,0.364523571,-26.40926677,2.58E-107,1.22E-104,234.2426427,0.31016176,0.813723796,0.503562036,7,49819689,R,II,VWC2,Body,shelf,Body-shelf,chr7:49813008-49815752,NA,NA,,,
cg04883903,0.506824746,0.579700164,26.39528556,3.10E-107,1.46E-104,234.0576121,0.634414199,0.127589453,-0.506824746,12,117798954,F,I,NOS1,5'UTR,island,5'UTR-island,chr12:117798076-117799448,TRUE,NA,,,
cg13356896,0.50177989,0.632745728,26.38838625,3.40E-107,1.60E-104,233.9663052,0.686915148,0.185135258,-0.50177989,2,198650987,R,I,BOLL,TSS200,island,TSS200-island,chr2:198649751-198651599,NA,NA,,,
cg14106046,-0.506985102,0.244623193,-26.27133266,1.61E-106,7.35E-104,232.4172038,0.189891847,0.696876949,0.506985102,17,81006485,R,II,B3GNTL1,Body,shelf,Body-shelf,chr17:81009245-81009999,TRUE,NA,low-CpG:78599707-78599823,,
cg18023283,0.572544821,0.714399118,26.25237402,2.07E-106,9.40E-104,232.1663059,0.776207933,0.203663112,-0.572544821,12,85306828,F,II,SLC6A15,TSS1500,island,TSS1500-island,chr12:85306282-85306829,NA,NA,,,
cg11163620,0.511655846,0.592636001,26.11352597,1.31E-105,5.77E-103,230.3288433,0.647871576,0.136215729,-0.511655846,4,157997554,R,I,GLRB,5'UTR,island,5'UTR-island,chr4:157997166-157997686,TRUE,NA,high-CpG:158216631-158217138,,
cg17362861,0.506625354,0.602396527,26.03463026,3.73E-105,1.61E-102,229.2848169,0.657089037,0.150463683,-0.506625354,7,151107257,F,I,WDR86,TSS200,island,TSS200-island,chr7:151106244-151107808,TRUE,NA,,,
cg19485539,0.575853955,0.60828327,25.96585686,9.29E-105,3.96E-102,228.3747779,0.670449322,0.094595368,-0.575853955,10,118031870,F,II,GFRA1,5'UTR,island,5'UTR-island,chr10:118030732-118034230,NA,NA,,,
cg04261408,0.549498769,0.680679809,25.71510306,2.59E-103,1.04E-100,225.057111,0.740000699,0.19050193,-0.549498769,8,97506675,R,II,SDC2,Body,island,Body-island,chr8:97505747-97507607,TRUE,NA,,,
cg13001868,0.531635056,0.585964475,25.66274131,5.19E-103,2.06E-100,224.3644267,0.643356896,0.111721839,-0.531635056,17,43339223,R,I,C17orf46,Body,island,Body-island,chr17:43339124-43339832,TRUE,NA,,,
cg20219457,0.53844814,0.571348126,25.6464043,6.45E-103,2.56E-100,224.1483156,0.62947605,0.09102791,-0.53844814,13,36705446,F,I,DCLK1,1stExon,island,1stExon-island,chr13:36705040-36705707,TRUE,TRUE,high-CpG:35603432-35603520,,
cg14650610,0.534181013,0.599770893,25.63018281,8.00E-103,3.16E-100,223.9337369,0.657438161,0.123257148,-0.534181013,5,136834492,F,I,SPOCK1,5'UTR,island,5'UTR-island,chr5:136834016-136835146,NA,NA,,,
cg05981038,-0.534912605,0.268664864,-25.42981963,1.14E-101,4.26E-99,221.2836969,0.210918616,0.745831222,0.534912605,5,40841590,R,II,CARD6,1stExon,opensea,1stExon-opensea,,NA,TRUE,low-CpG:40877217-40877505,,
cg01618102,-0.506372912,0.41798535,-25.3584965,2.94E-101,1.08E-98,220.3405511,0.363320093,0.869693005,0.506372912,6,69717664,R,II,BAI3,Body,opensea,Body-opensea,,NA,TRUE,,,
cg07629355,0.520011347,0.550113178,25.29351234,6.97E-101,2.51E-98,219.4813251,0.606250766,0.086239419,-0.520011347,11,133825519,F,II,IGSF9B,Body,island,Body-island,chr11:133825337-133827457,NA,NA,,,
cg22821324,0.515546943,0.639248842,25.23683122,1.48E-100,5.21E-98,218.7319622,0.694904478,0.179357535,-0.515546943,4,176923439,R,II,GPM6A,5'UTR,island,5'UTR-island,chr4:176923075-176923630,NA,TRUE,,,
cg02500300,0.502791896,0.580125249,25.17388075,3.41E-100,1.18E-97,217.8998061,0.63440392,0.131612024,-0.502791896,4,184827754,R,II,STOX2,1stExon,island,1stExon-island,chr4:184826253-184828177,TRUE,NA,high-CpG:185063421-185064879,,
cg24562819,0.507911761,0.636792039,24.92181003,9.63E-99,3.16E-96,214.5687044,0.691623422,0.183711661,-0.507911761,20,23029806,R,II,THBD,1stExon,island,1stExon-island,chr20:23028403-23032218,NA,NA,,,
cg13879483,0.542551412,0.662268842,24.65289519,3.40E-97,1.04E-94,211.0172129,0.720839734,0.178288321,-0.542551412,12,95942907,F,I,USP44,TSS1500,island,TSS1500-island,chr12:95941906-95942979,TRUE,NA,,,
cg05238517,0.565681937,0.603357878,24.6172058,5.45E-97,1.66E-94,210.546066,0.664425815,0.098743878,-0.565681937,11,104034227,F,II,PDGFD,Body,shore,Body-shore,chr11:104034536-104035058,NA,NA,,,
cg13265789,0.535346204,0.618325024,24.44199756,5.55E-96,1.62E-93,208.2338138,0.67611808,0.140771876,-0.535346204,4,96470584,R,II,UNC5C,TSS1500,island,TSS1500-island,chr4:96469859-96470994,NA,NA,,,
cg25185881,0.517849656,0.545959052,24.42886577,6.60E-96,1.91E-93,208.0605623,0.601863276,0.08401362,-0.517849656,4,156681047,R,II,GUCY1B3,Body,island,Body-island,chr4:156680095-156681386,TRUE,NA,,,
cg03976877,0.516422032,0.576741079,24.39893479,9.81E-96,2.81E-93,207.6657017,0.632491185,0.116069153,-0.516422032,7,158937610,F,I,VIPR2,1stExon,island,1stExon-island,chr7:158936507-158938492,NA,NA,,,
cg09314495,-0.506251086,0.43715746,-24.38700896,1.15E-95,3.27E-93,207.5083825,0.382505355,0.88875644,0.506251086,7,90454617,F,II,CDK14,Body,opensea,Body-opensea,,NA,TRUE,,,
cg21502551,-0.502735104,0.435138058,-24.3078739,3.27E-95,9.15E-93,206.4646347,0.380865518,0.883600623,0.502735104,13,97153748,F,II,HS6ST3,Body,opensea,Body-opensea,,NA,TRUE,,,
cg11641611,0.618276569,0.642165675,24.17822256,1.82E-94,4.94E-92,204.7552273,0.708911441,0.090634872,-0.618276569,3,128720323,R,II,CCDC48,TSS200,island,TSS200-island,chr3:128719865-128721245,NA,NA,,,
cg14233354,0.508415642,0.586255018,24.09949113,5.15E-94,1.37E-91,203.7175774,0.641140797,0.132725155,-0.508415642,10,99790761,R,II,CRTAC1,TSS200,island,TSS200-island,chr10:99789614-99791320,NA,NA,,,
cg26122980,0.545561867,0.583165387,24.04529978,1.05E-93,2.78E-91,203.003538,0.64206127,0.096499403,-0.545561867,7,38671001,R,I,AMPH,5'UTR,island,5'UTR-island,chr7:38670439-38671008,TRUE,NA,high-CpG:38637507-38637541,,rs1058654
cg07418387,-0.500421136,0.388003167,-23.68435996,1.24E-91,2.95E-89,198.2517857,0.33398043,0.834401567,0.500421136,1,240375464,F,II,FMN2,Body,shelf,Body-shelf,chr1:240370859-240371526,NA,TRUE,,,
cg14573876,-0.50038055,0.31556706,-23.51000347,1.24E-90,2.84E-88,195.9591679,0.261548705,0.761929255,0.50038055,19,4105153,R,II,MAP2K2,Body,shelf,Body-shelf,chr19:4101029-4101515,TRUE,NA,,,
cg03430846,0.501961923,0.653428772,23.44294655,3.00E-90,6.72E-88,195.0779577,0.707617843,0.20565592,-0.501961923,8,31497082,F,II,NRG1,TSS200,island,TSS200-island,chr8:31496525-31498346,NA,NA,,,
cg03394150,0.548834157,0.541735515,23.36897318,7.94E-90,1.74E-87,194.1062084,0.600984657,0.052150501,-0.548834157,16,28074384,F,I,GSG1L,Body,island,Body-island,chr16:28073817-28075296,TRUE,NA,high-CpG:27981857-27982039,,
cg08190291,0.534680192,0.583122741,23.35933821,9.02E-90,1.98E-87,193.9796665,0.640843898,0.106163706,-0.534680192,21,28339442,F,II,ADAMTS5,TSS200,island,TSS200-island,chr21:28337856-28340237,TRUE,NA,,,
cg26878816,0.525081894,0.561687834,22.93346969,2.45E-87,4.84E-85,188.3932651,0.618372811,0.093290917,-0.525081894,10,7452598,R,II,SFMBT2,5'UTR,island,5'UTR-island,chr10:7449376-7455339,NA,NA,,,
cg23142394,0.512389955,0.561558659,22.48825382,8.46E-85,1.48E-82,182.5688174,0.616873484,0.104483529,-0.512389955,12,72665771,F,I,LOC283392,Body,island,Body-island,chr12:72665683-72667551,TRUE,NA,,,
cg05937969,0.521523758,0.574832494,22.42301109,1.99E-84,3.43E-82,181.7167895,0.631133354,0.109609596,-0.521523758,3,121903016,R,II,CASR,5'UTR,island,5'UTR-island,chr3:121902742-121903645,NA,NA,,,
cg13267264,0.515844207,0.599740853,22.37864625,3.56E-84,6.06E-82,181.1376448,0.65542858,0.139584373,-0.515844207,8,70983600,F,I,PRDM14,TSS200,island,TSS200-island,chr8:70981873-70984888,TRUE,NA,,,
cg24403845,0.514638776,0.550340376,22.07832497,1.81E-82,2.86E-80,177.2223434,0.605897971,0.091259195,-0.514638776,10,108924366,R,I,SORCS1,TSS200,island,TSS200-island,chr10:108923780-108924805,TRUE,NA,,,
cg03048083,0.527151604,0.532191678,21.99324349,5.50E-82,8.46E-80,176.1148278,0.58910009,0.061948486,-0.527151604,17,43339497,R,I,LOC100133991,Body,island,Body-island,chr17:43339124-43339832,TRUE,TRUE,,,
cg14249876,0.514624459,0.593346484,21.89288282,2.04E-81,3.06E-79,174.8094284,0.648902533,0.134278074,-0.514624459,7,44143993,F,I,AEBP1,1stExon,opensea,1stExon-opensea,,NA,TRUE,high-CpG:44110456-44110531,,
cg20392607,0.511348148,0.545197039,21.83480083,4.34E-81,6.45E-79,174.0544606,0.600399396,0.089051249,-0.511348148,12,5018798,R,II,KCNA1,TSS1500,island,TSS1500-island,chr12:5018585-5021171,TRUE,TRUE,,,
cg04882394,0.51601714,0.636788531,21.81055771,5.96E-81,8.79E-79,173.7394532,0.692494927,0.176477787,-0.51601714,1,1565931,F,II,MIB2,3'UTR,island,3'UTR-island,chr1:1564421-1570006,NA,NA,,,
cg17859110,0.510930312,0.548986452,21.16305467,2.69E-77,3.39E-75,165.3521236,0.604143701,0.093213389,-0.510930312,20,41818770,F,I,PTPRT,TSS1500,island,TSS1500-island,chr20:41817475-41819212,NA,NA,high-CpG:41251808-41252290,,
cg07700514,0.503767861,0.54588948,21.09083048,6.87E-77,8.47E-75,164.4199036,0.60027351,0.096505649,-0.503767861,16,56228467,R,I,DKFZP434H168,TSS200,shelf,TSS200-shelf,chr16:56224731-56224980,TRUE,NA,,,
cg12587766,0.519130355,0.52374967,20.93496165,5.16E-76,6.11E-74,162.4104977,0.579792151,0.060661796,-0.519130355,5,38556435,F,I,LIFR,1stExon,island,1stExon-island,chr5:38556222-38557563,NA,NA,,,
cg04480386,0.536498833,0.617868088,20.64996275,2.04E-74,2.23E-72,158.7453752,0.675785575,0.139286743,-0.536498833,5,22853134,F,II,CDH12,5'UTR,opensea,5'UTR-opensea,,NA,NA,,,
cg11965976,0.534037197,0.631549523,20.56234052,6.31E-74,6.73E-72,157.6209727,0.689201266,0.155164069,-0.534037197,5,127874463,R,II,FBN2,TSS1500,island,TSS1500-island,chr5:127872563-127874945,TRUE,NA,,,
cg18106312,0.501267457,0.580306109,20.37753337,6.79E-73,6.88E-71,155.2533624,0.634420209,0.133152752,-0.501267457,14,51560488,F,II,TRIM9,Body,island,Body-island,chr14:51560116-51562487,NA,NA,,,
cg04457196,0.504910672,0.586216686,20.19684711,6.90E-72,6.66E-70,152.9438431,0.640724088,0.135813416,-0.504910672,2,164593264,F,II,FIGN,TSS1500,island,TSS1500-island,chr2:164592917-164593511,NA,NA,high-CpG:164300758-164301658,,
cg21842523,0.553129459,0.553473799,20.0778929,3.16E-71,2.96E-69,151.4263382,0.613186638,0.06005718,-0.553129459,11,8284746,F,I,LMO1,Body,island,Body-island,chr11:8284102-8285032,NA,TRUE,,,
cg05245861,0.504224296,0.517010739,19.1458357,4.41E-66,3.21E-64,139.6246231,0.571444044,0.067219747,-0.504224296,18,31020511,R,II,C18orf34,TSS1500,island,TSS1500-island,chr18:31020510-31020847,TRUE,NA,,,
cg24610236,0.502135701,0.519735461,18.81570537,2.81E-64,1.88E-62,135.4857565,0.573943292,0.071807591,-0.502135701,7,30722114,R,I,CRHR2,1stExon,island,1stExon-island,chr7:30721372-30722445,NA,TRUE,,,rs41387545
cg20702559,0.523024574,0.539173174,18.72988032,8.25E-64,5.40E-62,134.4136025,0.595636054,0.072611481,-0.523024574,8,58907821,F,II,FAM110B,5'UTR,island,5'UTR-island,chr8:58907001-58907822,NA,NA,,,
cg01295518,0.504234393,0.568700573,18.50769917,1.33E-62,8.24E-61,131.6456934,0.623134968,0.118900575,-0.504234393,3,238392,R,II,CHL1,TSS1500,island,TSS1500-island,chr3:238391-240140,NA,NA,,,
cg06159352,0.504798973,0.557008591,18.47035865,2.12E-62,1.30E-60,131.1816146,0.611503935,0.106704962,-0.504798973,7,37487613,F,II,ELMO1,5'UTR,island,5'UTR-island,chr7:37487354-37488672,TRUE,NA,,,
cg01134282,0.515474555,0.553663866,18.04072299,4.40E-60,2.43E-58,125.8657968,0.609311687,0.093837132,-0.515474555,8,85094904,R,II,RALYL,TSS1500,shore,TSS1500-shore,chr8:85096759-85097247,NA,NA,,,
cg10756127,0.510012371,0.523820486,17.90712681,2.29E-59,1.22E-57,124.2220739,0.57887864,0.068866269,-0.510012371,4,166795524,F,II,TLL1,Body,shore,Body-shore,chr4:166794545-166795341,TRUE,NA,,,
cg00240432,0.526167312,0.531341113,17.89682891,2.60E-59,1.39E-57,124.0955597,0.588143266,0.061975955,-0.526167312,7,19157296,R,II,TWIST1,TSS200,island,TSS200-island,chr7:19156050-19158042,TRUE,NA,,,
cg05920961,0.584267571,0.585778301,17.87142042,3.56E-59,1.88E-57,123.783522,0.648852641,0.064585071,-0.584267571,14,102248253,F,II,PPP2R5C,Body,island,Body-island,chr14:102247660-102248279,NA,NA,,,
cg27515369,0.539985586,0.597588696,17.84096927,5.18E-59,2.72E-57,123.4097744,0.655882595,0.115897009,-0.539985586,3,140770599,F,II,SPSB4,TSS200,island,TSS200-island,chr3:140769886-140771080,TRUE,TRUE,,,
cg06825142,0.505209278,0.500255958,17.71109689,2.56E-58,1.30E-56,121.8184647,0.554795596,0.049586318,-0.505209278,11,637170,R,II,DRD4,TSS200,island,TSS200-island,chr11:636906-640628,NA,TRUE,,,
cg20265733,0.502280363,0.561548846,17.58773509,1.16E-57,5.73E-56,120.3110447,0.615772294,0.113491931,-0.502280363,20,61051032,R,I,GATA5,TSS200,island,TSS200-island,chr20:61049361-61051897,TRUE,NA,,,
cg01808545,0.506196424,0.534105988,17.54352961,2.00E-57,9.73E-56,119.7718674,0.588752193,0.082555769,-0.506196424,2,193059717,R,II,TMEFF2,TSS200,island,TSS200-island,chr2:193058995-193060812,NA,NA,,,
cg20737185,0.52526464,0.584574992,16.95696416,2.50E-54,1.05E-52,112.6690406,0.641279697,0.116015057,-0.52526464,6,110679566,R,II,C6orf186,TSS200,island,TSS200-island,chr6:110679417-110679833,TRUE,TRUE,,,
cg21187769,0.506093646,0.534558937,16.79575876,1.75E-53,7.08E-52,110.7344715,0.589194046,0.083100401,-0.506093646,4,93226495,R,II,GRID2,Body,island,Body-island,chr4:93226348-93227007,NA,NA,,,
cg15170605,0.515560801,0.549879201,16.71459323,4.64E-53,1.84E-51,109.7634093,0.605536333,0.089975532,-0.515560801,2,70995459,F,I,ADD2,TSS200,shore,TSS200-shore,chr2:70994447-70995385,TRUE,NA,high-CpG:70848621-70849042,,
cg24507144,0.516804645,0.547200512,16.68928677,6.28E-53,2.48E-51,109.4610566,0.602991922,0.086187277,-0.516804645,13,103047225,F,II,FGF14,Body,island,Body-island,chr13:103046680-103047226,TRUE,NA,,rs2282282,
cg08131100,0.517530502,0.584339094,16.57305073,2.53E-52,9.70E-51,108.0748595,0.640208865,0.122678362,-0.517530502,7,149411652,R,II,KRBA1,TSS1500,island,TSS1500-island,chr7:149410858-149412351,NA,NA,high-CpG:149042406-149042700,,
cg27650175,0.509081688,0.538153953,16.07409657,9.49E-50,3.23E-48,102.1735652,0.593111635,0.084029947,-0.509081688,9,124461640,F,II,DAB2IP,Body,shore,Body-shore,chr9:124461797-124462190,NA,NA,,,
cg24185576,0.51676609,0.529052393,15.78487858,2.84E-48,9.01E-47,98.79094436,0.584839641,0.068073551,-0.51676609,11,30607360,R,II,MPPED2,5'UTR,island,5'UTR-island,chr11:30606004-30608128,TRUE,NA,,,
cg03853987,0.502918685,0.559290813,15.21476977,2.12E-45,5.83E-44,92.21015529,0.613583171,0.110664485,-0.502918685,2,101034279,F,II,CHST10,TSS200,island,TSS200-island,chr2:101033606-101034296,TRUE,NA,,,
cg09052083,0.500889855,0.530658043,14.78758271,2.77E-43,6.92E-42,87.35927278,0.58473138,0.083841525,-0.500889855,8,10873619,F,II,XKR6,Body,island,Body-island,chr8:10873324-10874174,TRUE,NA,,,
